302.75,89,7.1,90,73,78,80,187.75,32
482,85,16,95,73,100,84,1,2
3321.4,89,1.4,96,73,78,80,2.6,96
126.17,98,12,100,67,78,82,22.77,89
107,87,1.9,95,73,89,62,58.33,93
107.57,80,1.7,81,67,78,82,18.21,61
255,98,1.3,99,67,100,82,40.8,4
136.71,76,2.8,76,60,89,69,11.57,8
102.62,91,15.3,97,67,78,82,0.93,91
93.37,96,13.5,99,67,89,58,41.66,93
133,86,7.7,95,73,78,84,10.67,9
221.48,90,10.9,97,53,89,66,37.26,6
114,86,16.1,86,73,89,84,67,8
269.83,85,4.5,86,53,89,66,74.96,6
134.07,84,12.2,85,60,89,69,8.21,4
67.5,86,6,86,73,78,80,1.5,95
131.57,80,2.3,80,53,67,76,6.5,10
213.2,88,1.6,96,73,100,84,7.8,36
1360,83,10.4,84,83,89,91,3,3
108,86,0.7,95,73,78,80,0.33,90
50,72,13.3,72,73,78,84,4,7
1069.5,71,3,72,83,89,91,744,36
132,83,14.3,84,73,78,84,16,63
265.09,94,10.2,94,73,89,62,48.18,11
124.17,94,2.1,98,73,100,80,30.84,37
408.21,56,5,58,73,78,80,121.46,89
259,97,1.2,99,58,100,75,7.2,32
408,83,15.2,84,83,89,91,3,6
173,46,3.8,47,78,89,89,4.83,93
320.48,86,1.2,86,53,89,66,125.18,10
128.31,91,12.4,97,67,78,82,20.8,91
149.67,89,1.1,96,73,78,80,13,8
672.2,91,7.9,97,73,100,84,9.2,36
59.58,77,8.8,78,67,100,77,3.95,3
499,83,19.7,84,83,89,91,31,5
1334,100,8.3,100,73,100,80,89,32
229.75,86,10.1,95,73,89,84,87.75,90
266.83,36,0.9,37,60,89,69,15.91,7
49.43,42,10.6,43,73,78,62,6,89
64.96,18,4.3,18,60,78,79,5.15,1
106.75,90,16.2,96,73,78,80,24.13,93
580.5,72,4.4,72,67,89,72,19,40
205,73,1.4,74,58,78,80,12,7
294.5,87,14.5,95,73,89,62,66,39
113.25,88,1.7,96,53,78,66,43.25,41
68.91,19,4.4,20,60,78,79,5.91,2
184.67,73,2.7,74,73,89,80,40.84,93
131.25,70,4.8,70,73,89,84,3.63,10
142.5,93,4.4,98,73,78,84,26.75,95
141.77,56,7.5,56,67,78,77,88.31,86
269.09,85,3.9,85,53,89,66,84.92,2
227,88,21.2,96,73,100,84,23,34
511.25,77,4.7,78,73,89,84,269.25,91
173,67,0.5,68,73,100,80,1.67,92
645,86,8,86,73,89,80,86.5,64
300.12,90,7.9,97,67,78,82,14.88,63
1035,71,8.4,72,73,78,88,6,11
515.2,86,9.2,95,73,100,84,8.8,37
430.5,40,3.3,40,73,67,84,13.25,61
205.33,90,3.5,97,60,100,74,48.33,28
262.5,92,6.9,97,60,100,74,83.5,5
451,23,1.8,24,42,78,74,334.1,7
207,86,13.5,86,73,89,84,78.5,5
115,72,12.9,72,83,89,91,4.5,7
184,100,12.1,100,80,78,87,1,9
119.33,86,1.2,95,73,78,84,1.66,6
166.67,75,1.2,75,67,78,77,7.84,38
241.5,78,7.7,79,67,89,72,71.5,10
301.8,98,1.2,100,73,100,84,8.2,31
300.6,100,1.4,100,67,100,82,42.6,1
227.6,86,14.5,95,73,100,84,10.6,39
617.67,88,7.1,96,73,100,84,13.67,11
151.33,97,6.9,99,73,78,84,8.66,6
115,83,22.3,84,83,89,91,4,5
42.5,72,13.1,72,73,78,84,3.5,8
179,85,1.1,95,60,100,74,47,76
179.29,87,2.6,95,60,89,69,26,40
3610.2,96,1.4,99,67,100,77,6.4,97
123,96,14.6,99,83,89,91,68.5,6
198.5,72,15.1,72,83,89,91,6,4
265.4,99,1.5,100,67,100,82,35.2,11
130.33,63,7.8,63,73,78,84,14.66,65
100,94,36.3,98,73,100,84,1,1
196,69,9.7,70,73,78,80,44.75,94
47.27,61,20.3,62,67,78,82,2,3
431.33,85,9.4,95,67,78,72,6.66,8
43,47,3.6,47,80,100,83,5.17,95
215.6,91,15.9,97,73,100,84,5.4,37
271,63,2.7,64,67,89,72,152,84
215.5,95,3.6,95,78,50,89,15,11
107,83,31.3,84,73,100,84,3,7
122,90,3.9,97,73,78,80,1,94
307.75,71,2.1,71,73,78,84,2.37,4
498.5,91,4.8,91,60,89,82,31.17,7
283.74,86,3.3,87,53,89,66,96.78,5
136.94,26,3.1,26,67,78,82,4.44,64
210,89,15.7,96,73,100,84,5.8,38
91.8,97,24.7,99,73,78,84,8.8,10
1314.8,78,3.5,79,73,78,84,30.75,5
334.71,43,4.4,43,73,89,75,14.85,1
146.08,57,10.2,59,53,89,71,52.93,88
266.92,72,1.4,72,80,100,83,2.34,2
305.4,93,12.2,98,73,100,84,7.8,42
2561.3,87,1.2,96,67,78,72,28,40
388.5,73,2,73,58,100,72,1,97
239.33,88,9,96,83,78,91,7,7
154,90,23.9,97,73,78,80,9,9
297.38,71,1.9,72,73,89,75,6.38,66
542.87,26,4.4,26,53,100,66,32.94,32
83.33,39,1.7,40,80,78,78,1,63
332.25,78,5.9,78,73,89,88,140.25,92
239.22,85,7.7,86,53,89,66,53.22,12
401.62,86,8.1,95,60,78,74,0.77,61
114,86,17.9,86,73,89,84,3,8
320.4,89,12.3,96,73,100,84,9.2,35
223,91,3.9,97,73,100,84,33.4,4
2123,100,8.8,100,73,100,84,4,2
240.6,86,1.2,95,73,100,84,11,37
532.75,78,5.5,78,67,89,72,26,7
290.3,86,4.4,86,53,89,66,97.47,4
233.2,97,2.1,99,73,100,84,7.4,32
109.6,99,19.3,100,73,78,62,1,94
1021.5,65,3.1,65,73,89,75,4.83,66
197,95,0.8,98,58,100,75,6,35
333,83,14.9,84,83,89,93,6,7
496.43,48,0.8,48,67,89,72,338.86,90
239.05,97,8.8,99,67,78,77,37.38,3
2440.3,71,1.1,72,67,78,77,1883.3,6
203,57,1.2,59,67,89,72,110.5,83
261,36,0.9,37,60,89,69,13.67,12
148.56,99,2.3,100,73,89,75,98.67,9
311.25,56,7,56,83,89,91,7,24
115,83,22.8,84,73,100,84,4,11
180,95,14.6,99,73,100,84,23.5,88
4207.5,92,1.1,92,80,89,83,3881.3,11
136.71,90,3.8,97,60,78,74,5.23,93
293.5,70,2.5,70,73,89,80,13.5,95
162.25,78,9.1,78,73,89,84,7.25,93
689.42,34,1.1,34,67,89,72,236.75,87
120,87,24.2,95,67,89,82,2,7
490.5,89,4.1,96,73,100,80,4.5,9
1041,83,12.8,84,73,89,75,5,11
335.5,78,3.6,79,73,78,80,81,8
383.2,98,2.1,100,73,100,84,6.2,39
510,100,13.9,100,73,100,80,1,3
316.07,32,1,32,60,89,69,225,94
270.5,95,19.1,98,78,89,89,4.5,2
464.62,40,3.6,40,78,78,89,16.12,6
250.4,93,2,98,50,100,72,45.4,6
411.83,85,0.4,86,53,89,66,142.96,10
171,83,18.6,84,80,78,87,5,5
115,96,28,99,73,100,84,1,8
389,84,1,84,67,89,82,289,10
724.82,99,4.7,100,60,89,69,13.53,5
104.5,85,15.6,95,73,89,62,46.5,92
292,83,16.6,84,58,89,80,5,4
144.5,96,22.3,99,67,78,72,19.5,6
193.6,67,3.4,67,73,89,84,23.4,40
1423.5,47,2.2,47,78,89,89,162.5,7
42.5,72,13.2,72,73,78,84,2,12
570.5,99,8.3,99,67,100,83,484,3
500.71,92,2.2,93,67,89,58,233.85,86
136,83,21.4,84,83,78,91,6,11
324,86,23.1,95,73,100,80,21,2
1316.2,75,1.2,75,73,78,84,81,12
284.65,86,3.1,86,53,89,66,96.22,2
3484,87,5.8,96,73,100,84,4,41
119,61,2.9,62,53,67,71,5,6
113.75,100,1,100,73,78,84,6.75,38
63.8,99,18.1,100,73,78,84,1.8,95
180,83,13.5,84,73,78,84,7,9
1296,86,6.9,86,73,78,80,1,5
352,98,21.5,100,58,89,75,1,7
125,100,17.4,100,67,78,82,2,39
1987,56,1.9,57,60,89,79,7.73,89
724,85,13.1,95,50,89,72,2,8
585.5,97,1,99,60,100,74,19.5,77
470,99,0.5,100,60,100,79,14,9
227,92,0.9,97,58,100,75,8,34
252.35,85,5.3,86,53,89,66,53.96,6
551.79,80,1.8,81,53,67,76,6.93,8
58,95,16,98,73,78,80,1,5
718,86,3.3,87,67,78,82,54.5,2
67.25,56,15.5,56,78,89,89,4,10
130.14,88,20.5,96,80,78,83,19.28,1
204.6,96,1.9,99,58,100,75,7.8,33
339,87,11.7,95,67,78,72,48,3
305.8,88,13.5,96,58,100,75,6,33
56,97,9,99,73,78,84,1,35
100,99,19.8,100,73,100,84,30.5,2
789.8,98,2.2,95,73,89,62,593.2,4
324.67,97,4.1,98,80,78,87,77.67,42
149.67,86,11.2,95,73,100,84,82,3
417,86,6.5,86,73,100,84,230,5
60.05,77,9.1,77,67,100,77,4.1,11
143.33,88,15.7,88,73,100,80,8.66,61
501.79,28,4.8,28,73,67,80,88.36,40
274.52,86,4.3,86,53,89,66,87.3,11
116,89,12.9,89,67,78,72,1.5,7
667.11,38,2.1,38,73,89,75,82,39
163,91,33.2,97,73,100,84,1,6
146.5,90,17.6,97,73,100,80,3,8
127,90,23.1,96,67,100,83,9,10
134.08,97,15.4,99,73,100,84,10.16,20
597.5,98,3.7,100,60,100,74,43.5,66
182.33,100,11.6,100,73,100,84,63.33,91
121.67,99,9.6,100,73,100,84,0.67,65
219.2,85,0.9,95,58,100,75,7.6,36
175,92,4.3,97,73,78,84,13,2
135.67,93,2.4,98,58,67,75,21.84,5
334,92,1.5,97,67,100,82,38.8,11
51.5,100,1.8,100,73,78,80,2,32
207.2,85,1.1,95,73,100,84,7,36
4480.8,52,1,53,50,78,66,1652.4,8
154,71,14.4,72,73,89,80,5.5,5
123.92,97,15.6,99,73,100,80,15.5,1
669.1,56,1.3,57,60,89,69,3.2,64
243,98,25.6,100,73,100,84,1,6
126.67,94,9.5,98,73,100,84,0.67,94
114.5,95,14.2,99,67,78,77,0.6,93
65.4,92,6.8,92,67,100,77,8.25,3
196,88,9.8,96,73,78,84,37,8
148.95,89,10.8,96,67,100,77,6.73,10
166.63,99,9.6,100,67,100,82,33.55,58
306.8,90,12.7,97,73,100,84,9,35
223.6,100,0.7,100,73,100,84,6,37
229.79,89,7.4,89,67,100,77,41.32,2
219,56,10.4,56,60,78,69,67,40
236.67,63,6.4,63,53,89,66,8.67,67
460,56,2.6,57,60,78,79,107.5,9
248.8,88,1.1,96,67,100,82,42.4,8
220.6,90,1.3,96,73,100,84,9.2,37
242.4,89,1.1,96,73,100,84,7.6,34
257.5,100,3.4,100,73,78,84,1,35
170,85,3.1,95,60,100,79,48.25,87
87.14,87,20.5,95,67,89,58,0.71,41
219,99,16.4,99,80,100,83,1,2
122,86,14.5,86,67,78,82,3,4
228.6,100,14.1,100,73,100,84,9.8,36
187.75,64,8.1,65,73,78,75,63,86
184.74,62,7.9,62,67,67,77,19.3,10
1104.7,47,3.1,47,83,89,91,29.84,1
276,88,1.6,96,67,100,82,32.8,4
316.3,84,2,85,53,89,66,120.13,12
63.25,98,25.6,100,67,78,66,10.25,30
140.5,97,18,99,73,78,84,50,40
167.5,86,16.1,86,73,78,84,2,91
287.22,86,5.5,86,53,89,66,77.57,7
244,86,26.7,95,83,100,91,2,9
1138.3,88,4.7,88,73,100,80,402.33,11
154,98,14,99,73,100,80,3,4
1226,91,6.3,97,73,100,84,3,12
55.5,81,19.1,82,73,100,80,4.75,3
287.22,85,3.5,86,53,89,66,101.05,5
283,83,20.3,84,73,89,75,13,4
825.8,90,5.9,91,60,78,69,123.2,6
335.58,65,8.9,66,73,78,80,3.75,11
224,78,3.9,79,73,78,84,1.75,96
581,83,15.6,84,50,89,66,116,2
130.75,56,10.8,56,83,78,91,3.5,4
203,72,22.1,72,83,89,91,3,58
272.43,85,1.9,86,53,89,66,69.39,7
333.52,86,3,86,53,89,66,111.26,11
121,91,7.9,97,73,78,84,10,12
102,90,18.6,97,73,78,80,1,92
330.19,92,8.6,97,67,100,77,17.13,64
77.9,91,17.1,97,73,78,62,20.57,36
111,98,0.8,100,67,100,77,27,93
214.62,32,2.3,32,53,78,66,57.39,3
463.6,91,2,91,73,100,84,98.4,41
854,96,14.7,99,73,100,84,1,87
540.5,72,3.7,72,67,89,72,35,90
905,96,1.6,99,73,78,84,3,4
158.8,87,5.8,96,73,78,80,30.8,6
109.75,70,11.4,70,73,78,80,61.25,96
664,83,11.4,84,53,89,66,2,6
1529,72,5.3,72,83,89,91,6,8
95.25,99,16.3,100,73,78,80,1,35
146.83,85,2.1,95,83,89,91,95.58,7
382.71,27,5.7,28,73,89,80,62.92,36
322.33,99,9,100,73,89,62,18.66,8
599,85,10.3,95,73,78,84,2,35
235.4,87,1.4,95,73,100,84,10,41
2836.3,79,2.4,79,73,67,84,78.75,7
202,98,9.7,99,80,78,87,43,94
71.75,59,1.2,60,67,100,77,4.5,38
312,88,3,96,73,100,84,47,11
248.4,98,1.4,99,58,100,75,10.2,37
298.83,46,7.7,46,83,89,91,114,91
474.91,91,5.8,97,60,78,74,162.87,86
142,39,6.3,40,73,89,84,6.12,88
262.5,89,5.3,96,73,100,80,18,60
443,98,10.1,100,58,100,75,5.8,39
255.08,12,8.1,13,53,78,71,6.34,62
245.8,89,1.2,96,73,100,84,7.4,34
409.5,86,1.7,87,58,100,69,173.5,91
1730,72,2,72,67,89,72,245.5,9
235.9,61,4,61,73,67,84,86.9,88
293,99,27.8,100,73,100,80,13,5
372.25,66,4.7,66,80,89,83,77.83,8
104.5,86,23.5,86,73,89,80,2,5
305.37,87,8,87,67,100,77,90.95,7
138.5,86,21.4,86,73,89,84,2,94
227,97,15.7,99,80,100,87,3,2
189,83,26.5,84,83,89,91,6,10
126,83,31.4,84,83,89,91,3,67
80.55,94,13.6,94,60,89,54,26.19,92
211,86,14.3,95,73,100,84,8.6,41
220.4,85,15.6,95,58,100,75,5.8,39
305,86,21.7,95,73,100,84,1,4
1235,88,3.6,96,42,89,62,10.17,10
238,87,3.8,96,80,89,65,1.17,64
195,89,0.8,96,73,100,84,6.4,42
115,98,17.9,100,73,100,83,2,9
447.2,90,4.2,91,73,78,84,16.2,2
367.4,85,4.4,95,73,100,84,6,35
786.5,67,4.8,67,50,89,66,133,7
289,86,0.4,87,80,100,87,1,2
220.2,93,14.2,98,73,100,84,9,34
127.75,94,4.1,98,73,100,84,1.25,91
231,83,19.6,84,83,89,91,8,35
620.25,91,8.5,97,78,78,89,13.75,8
158.25,93,13.9,98,73,78,84,19.87,95
445.43,96,8.8,99,80,78,83,6.14,91
1255.1,97,2.2,97,60,78,74,523.88,10
541,100,21.6,100,83,89,91,16,60
266.33,85,1.1,95,67,78,85,11.44,7
151,83,24,84,78,89,89,15,64
115.4,97,10.1,99,67,78,77,59.36,59
1832.7,89,3.3,96,67,100,77,4,10
295.67,73,4,74,73,89,80,152.17,95
345,72,10.3,72,83,89,93,2,12
222.6,85,1,95,58,100,75,8.4,33
135.27,81,1.5,81,60,67,79,2.87,11
157.5,86,16.4,86,73,89,84,1.5,32
446.23,90,6.2,97,60,78,79,1.08,93
275,88,4,96,50,78,66,20,8
170.67,96,2.6,99,73,89,84,34,90
328.5,46,4.1,47,73,78,84,14,11
407,78,4.2,79,73,78,80,48.25,24
308,93,12.9,98,78,78,89,1,11
281.91,86,4.4,86,53,89,66,86.61,8
368,90,12.2,97,60,78,74,14.2,10
412.25,89,6.1,89,73,89,62,195.75,97
399.6,52,1.5,53,67,89,72,227.8,82
275,83,23.6,84,83,89,91,4,5
117,86,20,86,73,89,84,2.5,2
98.25,90,1.7,96,73,100,80,2.25,36
349,91,21.3,97,58,100,75,1,9
486.4,81,2.2,81,60,67,79,4,6
213,100,1.3,100,58,100,75,8.6,38
130,89,24.5,96,67,100,82,1,95
208.6,88,14.2,96,73,100,84,7.6,31
123.92,66,3.6,66,73,89,80,3.75,9
517.67,63,6.3,63,67,78,82,9.34,11
654.41,87,3.7,95,53,89,50,2.2,16
210.5,72,8.3,72,80,100,78,6.5,96
82,90,18.9,97,73,89,62,1,2
238.5,73,7.4,74,73,89,80,72.83,8
322,91,19.6,97,73,100,80,109,10
103.25,93,20,98,73,78,84,1,86
238.04,48,7.1,49,67,89,77,61.93,40
177,83,17.2,84,73,89,84,18,8
260,83,15.5,84,73,89,84,10,11
182,83,20.4,84,83,89,91,6,5
175.6,51,6.4,51,80,100,87,12.4,63
233,89,1.6,96,73,100,84,8.8,31
50.75,56,8.6,56,80,89,83,6,33
152,96,24.2,99,73,78,80,12,5
325.25,56,8.1,56,67,78,85,56.5,7
1425.8,78,3.9,79,73,78,84,28.75,4
203.8,93,1.9,98,73,100,84,9.4,37
149.5,94,13.3,98,73,100,80,4,9
4637.6,30,0.5,30,67,67,82,4140.4,8
440.75,89,1.3,96,73,78,84,13,11
994,99,4.6,100,73,100,84,634.5,8
155,83,21.3,84,80,78,87,5,10
137.71,79,2.4,80,67,78,82,9.21,56
434.83,66,3,66,80,89,83,62.58,3
374.2,93,1,98,67,100,82,60.6,3
1342,94,10,98,73,78,84,83,2
151.22,93,13.6,93,73,78,62,1.44,11
246.6,92,3,97,73,100,84,43.4,5
130,94,15.5,98,73,78,80,1.2,91
324,83,16,84,83,89,93,7,8
186,86,11.3,86,60,89,69,6.5,5
2909.5,94,1.3,98,67,100,82,34.68,7
331,91,23.2,97,73,100,80,22,3
375,93,11.2,98,73,100,84,9.8,42
485.6,94,9.6,98,73,100,84,7.6,37
173,83,11.5,84,73,89,75,20,5
733.08,30,4.4,30,73,78,84,1.33,7
221,18,4.3,18,60,78,79,11.35,2
97.33,88,1.7,96,73,78,80,1.33,59
178.5,72,13.2,72,67,89,85,8,5
315.5,86,13.6,86,80,89,87,2,10
278.75,86,9.2,95,83,89,91,1.75,1
288.8,51,5.9,51,83,89,91,3.8,58
99,60,0.8,60,53,89,66,3.75,5
359.15,51,5,52,60,89,74,3.93,67
1189.5,72,7.2,72,78,89,89,2,5
427.2,96,4.2,99,73,78,80,116.8,7
213.82,59,8.3,59,67,67,77,68.89,87
524,94,22.5,98,67,89,85,22,65
149,96,33.9,99,58,100,75,43,12
102,86,17.3,86,80,89,87,59.5,92
147.75,78,13.7,78,73,89,84,2.25,9
49.53,53,15,54,60,89,69,0.82,32
498.67,90,6.3,96,73,78,84,9.34,10
251.6,92,0.9,97,67,100,82,41.6,2
386.71,45,6,46,67,89,77,29.26,40
198,97,1,99,73,100,84,8,31
184.5,90,9.4,97,60,78,69,33.62,88
76,98,23.4,99,50,89,77,2,5
3698,60,1.1,61,67,89,77,76.79,7
216,93,7.5,98,73,100,80,1.5,9
198.8,100,1.4,100,73,100,84,6.8,32
306,90,5.5,97,73,100,80,14.5,64
2938.5,72,2.9,72,73,78,84,344.5,38
1783.3,93,1.9,93,53,67,50,14.25,7
111,72,15,72,83,89,91,6.5,8
1019.8,99,4.5,97,73,100,84,868.25,32
555,83,5.6,84,73,89,84,111,4
150.5,92,16.2,97,73,78,80,1,12
353.75,66,3.5,66,80,89,83,67.25,3
75.22,93,18.2,98,67,78,72,21.55,25
96.67,92,3.9,97,58,100,75,13.67,87
477,94,14.2,98,73,78,84,2,4
42.5,72,14.1,72,73,78,84,3.5,6
115,86,8.8,86,73,78,84,61.5,34
70.86,42,7.6,43,78,89,89,3.43,6
317,93,12.1,98,73,100,84,10.6,36
140,95,16.4,98,73,78,84,34,38
223.33,97,2.2,99,73,89,87,67,4
121.33,90,10,97,73,78,84,8.33,5
126,97,31.5,99,58,100,75,14,62
1238.2,47,3.4,47,72,78,86,43.45,64
105.92,9,9.3,10,67,89,77,54.08,11
349.07,95,9.1,96,67,100,77,5.4,63
178.4,87,9.7,96,73,89,62,65.8,10
207,25,8.8,26,67,89,72,91.93,35
300,88,28,96,73,100,80,14,8
157,90,22.9,96,73,100,80,1,10
321.5,56,3.7,57,67,78,85,14.25,1
200,87,1.2,96,58,100,75,8.6,32
162,98,13,100,73,89,75,1,3
66,83,33.4,84,78,89,89,2,5
122,99,34.3,100,73,78,84,8,12
90,85,31.1,95,60,89,79,1,89
169.75,69,8.1,70,60,78,74,11.75,34
314.62,96,5.9,99,83,78,91,70.24,1
211.25,89,10.9,89,67,78,72,152.75,9
83,91,19,97,80,100,83,1,41
286,93,9.4,98,73,78,84,16,87
121.46,61,13.9,62,67,89,77,9.15,5
195,83,34.7,84,80,78,83,107,6
234.83,73,3.5,74,73,78,88,115.5,3
3150,98,2.9,100,73,78,84,31,93
175.67,73,5.5,74,73,89,84,56.5,2
345,98,24.4,100,89,100,93,21,40
189.57,43,3,44,73,89,75,6,1
99,99,31.1,100,73,100,84,2,2
186,83,25,84,83,89,91,4,4
133.17,94,13.9,95,73,100,80,6.59,62
152,96,4.9,99,60,100,79,51,73
538,97,15.8,99,58,89,75,9,6
199.4,99,2.2,100,73,100,84,7.6,38
293.8,93,12.9,98,73,100,84,8,38
413.5,98,11.4,100,80,89,78,4.5,36
314.15,100,6.7,100,60,100,79,18.05,8
104.75,89,19.4,96,73,78,80,1.5,96
225.2,100,14,100,73,100,84,10.4,35
444,83,13.2,84,73,89,84,24,63
249.08,12,8.7,12,53,78,71,7.23,64
261.09,85,5.4,86,53,89,66,69.13,1
2779.5,28,1.5,28,60,89,69,1.38,11
275.5,71,7.2,72,78,89,89,124.5,2
3007.3,79,2.3,79,73,67,84,105.75,4
146.5,72,14.2,72,83,89,91,3.5,6
163,85,1.8,95,60,100,74,42.33,5
330,83,15.6,84,67,78,72,3,8
193,88,1.6,96,73,100,84,8.6,37
214.4,89,14.6,96,73,100,84,6.6,35
125,86,9.4,86,73,78,84,3,7
329.8,51,6,51,73,89,75,30.6,6
3166,72,3.7,72,83,89,91,1.5,57
216.6,94,1.8,98,73,100,84,7.8,32
115.4,96,18.7,99,80,78,87,1.4,93
338,72,10.5,72,73,100,84,156.5,5
831.36,64,2,65,80,67,87,95.36,7
92.5,78,11.9,78,73,89,84,4.5,38
118.1,45,2.4,46,67,78,72,3.35,65
199.17,56,7.3,56,67,78,77,55.5,6
158.9,61,3.5,61,67,78,72,41,8
386.4,100,3.6,100,73,100,84,4.8,40
167,72,15.4,72,78,89,89,7,9
398.17,66,2.8,66,80,89,83,70.75,5
273.6,88,13,96,73,100,84,7.4,32
190,98,3.7,99,89,78,93,17.75,6
1201,83,12,84,78,89,89,2,38
668.75,79,2.6,79,73,67,80,35.75,5
145.25,56,11.8,56,78,78,89,4.75,7
208.5,100,11.3,100,80,89,65,50.5,35
305.4,89,1.4,96,50,100,72,40,4
99,88,0.7,96,73,100,75,53,92
539.72,23,4,24,60,78,83,146.94,10
929,86,5.3,86,73,78,80,68,9
401.14,43,4.1,43,83,89,91,9.57,35
224,75,14.8,76,78,89,89,3.33,8
424.57,50,1.7,51,73,89,80,328.57,88
164.5,72,12.5,72,73,100,84,5.5,5
292,100,9.3,100,73,100,80,111,7
729,94,15.2,98,73,100,80,480,9
122.93,93,16,98,60,100,74,12.5,67
253,100,10.6,100,67,100,72,18,63
277.4,93,1,98,73,100,84,11.2,39
81,70,8.5,70,73,89,84,38.75,11
379.78,85,2.3,85,53,89,66,106.04,10
170.25,56,4.2,57,60,100,79,8.5,36
79,83,32,84,78,89,89,3,67
114.33,85,16.2,95,73,100,84,13,39
402.78,87,6.9,95,60,78,74,132.63,89
128.5,72,21.7,72,78,89,89,8.5,6
83,87,15.2,96,73,78,62,1,93
41,83,24,84,60,89,74,3,65
725.63,88,3.5,96,67,78,77,1.47,96
136.4,90,5.9,91,73,78,84,10.8,10
68.57,43,4.4,43,78,89,89,2.86,8
217.5,78,9.5,78,73,89,80,55.25,9
603.5,85,10.7,86,73,89,84,473.5,92
137.75,79,2.4,79,67,78,72,100,39
149,96,24.2,99,89,78,93,1.5,7
641.5,96,4.4,99,73,78,84,33.5,87
68,97,5.1,99,73,89,84,1,95
333,83,21.9,84,83,89,91,7,12
205,65,9.8,66,73,67,84,27.42,42
123.45,86,7.2,87,67,100,77,5.8,7
98.4,93,18.9,98,73,78,62,23.8,39
287,89,12,96,67,100,82,1,35
235,83,23.5,84,67,78,72,1,7
134,83,22.5,84,83,89,91,9,4
350.5,86,12,86,73,89,84,55.5,6
214,85,1.4,95,73,100,84,10.8,38
189.5,72,14.9,72,83,89,91,7.5,56
461,98,6.7,100,60,100,74,14.57,86
211,87,24.6,96,73,100,84,1,5
123,78,10.4,78,73,89,84,3.5,7
227.53,90,7.1,90,67,100,77,40.16,2
126.83,100,15.7,100,67,78,77,1,93
262.5,86,4.2,95,73,100,80,17.25,65
69,56,8,56,83,89,91,8.25,2
192,83,24,84,83,89,91,8,67
216.5,89,5.2,90,60,89,69,77,3
247.8,99,6.5,100,73,89,62,1.2,5
287.67,63,6.9,63,73,89,75,11.34,37
154.1,53,8.6,54,67,89,77,72.62,4
514.5,86,1.4,95,73,78,62,15,36
222,73,6.8,74,73,89,80,84.67,9
161,98,17.6,100,73,78,62,50.2,91
117,83,23.3,84,67,89,82,4,5
126.25,100,3.6,100,60,100,74,39.5,32
101,86,22.5,86,73,89,80,2.5,6
291,88,1.9,96,73,78,75,137,8
211,22,9.2,23,73,89,80,9.05,10
172.57,90,9.7,97,67,100,66,10.24,91
138.07,30,1.7,30,72,89,86,2,11
205.31,56,7.1,57,67,78,77,90.07,93
166.6,51,5.8,51,73,78,84,13.4,65
470.43,43,4.5,43,78,78,89,8.29,2
288.87,84,2.1,84,53,89,66,94.7,6
81,100,2,100,80,78,65,2,11
404.5,99,3.4,100,73,89,62,37,2
225,85,22.9,95,73,100,80,109,4
260.6,100,13.5,100,67,100,82,42.4,2
138,85,33,95,73,100,84,13,12
93.3,60,13.4,61,73,67,84,31.4,88
229,98,13.9,99,73,100,84,7.6,40
152.5,86,4.5,87,73,78,84,2,11
255.25,67,1.4,67,73,89,80,34.5,93
269,96,21.5,99,58,89,75,10,10
357.33,97,0.9,99,73,100,80,1.66,37
225.5,86,10.1,86,73,78,84,2,40
105.78,60,10.9,61,73,67,80,59.17,37
137,83,17.9,84,73,89,75,8,9
248,78,3.1,79,73,78,84,30.5,96
455.94,64,4.9,64,53,89,66,17.53,6
411.12,39,6.2,39,73,100,84,24.87,38
274,100,14,100,73,100,84,6.6,32
201.8,94,1.6,98,73,100,84,8,40
848.15,21,3.5,21,78,78,89,451.15,10
1164,88,13.4,96,83,78,91,11,8
427.65,86,1.4,86,53,89,66,120.48,3
3343,83,5.5,84,83,89,91,2,3
1099,95,10.6,99,73,78,84,28,90
319.83,84,1.1,84,53,89,66,108.96,6
489.2,67,5.1,68,73,78,80,117.2,90
79.12,70,5.3,70,73,89,84,2.87,7
254.4,97,1.6,99,73,100,84,7.6,39
409,87,18.1,96,73,78,84,1,10
202.4,89,1,96,73,100,84,9.2,33
287.4,91,1.3,97,50,100,72,36.6,3
86.86,100,19.7,100,73,78,80,1,88
291.25,92,3,97,60,67,74,16.25,5
137,83,21.6,84,73,89,84,7,62
1391.5,89,3.4,96,73,78,84,45.5,89
308.45,87,9.3,96,67,78,72,0.9,94
3157.6,23,1.3,23,78,89,89,60.11,5
312.97,93,6,98,67,78,58,25.7,35
273.85,87,1.8,95,60,78,72,0.93,66
314,63,5.4,63,73,89,75,11.67,34
142,97,20.8,99,73,100,84,2,41
123.83,99,16.9,100,73,78,62,19,91
191,100,1.4,100,73,100,84,8.4,33
89,83,40.4,84,78,89,89,3,3
110,83,24,84,73,89,84,3,5
179,79,2.8,79,73,89,80,29.75,7
210,97,25.2,97,73,100,84,16,1
436.6,90,1.3,91,73,100,84,90.2,37
730.2,86,3.4,95,73,89,84,47.8,37
166,86,25.7,95,73,89,62,100,89
1703,83,9,84,83,89,91,6,7
161,72,14,72,83,89,91,5,11
172,89,29.5,96,89,78,93,2,8
370.5,86,10.9,86,73,78,84,53,11
120.83,64,5.4,65,73,89,75,69.16,2
137.75,78,13.4,78,73,89,84,1.75,89
97,90,7.3,91,73,78,84,2.2,56
189,83,27.6,84,78,89,89,1,58
409.67,99,10.9,100,73,89,62,126.34,36
217.4,87,15.1,96,73,100,84,7.2,41
61.5,72,16.1,72,73,67,84,6,86
82.25,99,22.7,100,73,78,80,6.75,95
836.5,86,5.4,86,73,67,84,17,97
561.5,91,6.4,91,73,78,62,319,90
197.4,99,1.1,100,73,100,84,9.8,33
226,78,7.9,78,73,89,84,65.25,90
268.35,85,4.7,86,53,89,66,81.22,4
131.36,90,2.3,97,60,67,79,4,10
129,89,10.7,89,73,78,84,7.75,3
81,93,35.6,98,58,89,75,1,6
154,95,14.9,98,73,100,80,4,2
143.67,93,11.2,93,80,78,78,17,9
271.6,90,2.1,96,73,100,84,39.2,9
147.33,91,16.6,97,73,100,84,18.41,41
334,89,14.3,96,73,78,84,42,8
166,83,24.6,84,83,89,91,14,5
158,72,10.4,72,67,78,82,10.5,92
179.5,94,10.5,98,73,89,62,1.25,9
116,87,18.6,96,60,89,69,7.56,12
677,83,12.1,84,73,100,84,503,9
173,91,24.1,97,73,89,62,102,96
123.67,87,8.9,95,73,78,84,8.67,2
178,56,5.2,57,78,89,89,16.75,10
63.83,19,5.1,20,60,78,79,3.92,1
874.75,56,3.4,57,73,89,75,102,34
481,83,18.5,84,78,89,89,4,6
170,87,7.2,95,73,78,80,29.6,3
194,56,10.5,56,78,89,89,72,5
1376,99,8.2,95,83,89,91,856,63
300.48,85,2.9,86,53,89,66,90.57,9
153.5,93,12.7,98,73,100,80,4,12
255,87,1.2,95,67,100,82,41.6,12
130.25,79,2.4,79,73,78,84,93.75,94
60.18,93,13.1,98,67,100,77,8.93,9
142.17,46,6.2,47,73,89,84,10.34,5
137.81,63,2.5,64,73,89,84,11.12,92
208,92,1.1,97,73,100,84,9.2,39
110.78,85,13.2,95,73,78,80,1.78,96
1078.3,84,5.8,84,72,78,86,92.33,63
237,97,20.7,99,73,100,80,35,9
1939,99,6.9,100,73,78,84,1,42
287.93,100,6.9,100,67,78,77,17.73,88
407,85,19.1,95,58,89,75,32,11
464,67,2.2,67,80,89,83,38.42,8
445,89,12.1,96,83,89,91,1.5,10
484.5,78,5.9,79,67,89,72,43.5,1
3283,92,1.6,93,73,78,80,35.75,38
664,83,13.6,84,83,89,91,53,7
281.8,93,1.3,98,73,100,84,7.2,41
932,67,3.9,68,73,78,87,5.75,10
113.2,51,5.5,51,73,78,84,4,56
91.5,86,17.2,86,73,89,84,5,88
386.44,27,6,28,60,78,79,8.2,9
505,100,6.1,100,73,78,84,11.33,3
316.28,86,7.2,95,33,78,62,25.52,5
219,87,2.8,96,73,78,80,17,87
85.25,78,9.2,78,73,89,84,3.5,89
459,98,9.5,100,73,89,80,3,36
3625.1,64,1.3,65,73,78,80,3.94,3
214,86,17.8,86,80,89,87,2,5
169.4,90,6.4,91,73,78,84,28.2,5
210.4,90,4.3,96,73,100,84,8.4,8
166,83,28.1,84,83,89,91,6,62
148.06,52,7.8,53,67,89,77,88.18,94
182,92,15.7,97,67,78,72,54,11
126,94,1.9,98,60,100,74,37.67,8
175.5,96,4.7,99,60,100,74,58,26
254.6,98,1.7,99,67,100,82,43.2,5
237.8,99,14.3,100,73,100,84,9.6,32
621.2,85,8.3,95,73,78,80,10,38
130.75,95,21.7,98,73,78,80,8,10
163,96,16.2,99,73,78,84,12.25,86
112.83,98,4.1,100,73,100,84,45.16,33
103.67,97,4.7,99,73,100,75,2,96
312.5,21,3.1,22,42,100,72,25.9,89
223.5,72,11.9,72,73,89,75,8,65
126.25,91,12.2,97,73,89,75,10,12
95.38,62,13.7,62,73,78,80,55.88,88
118.75,86,12.8,95,67,78,77,0.87,41
294.6,94,13,98,73,100,84,8.4,32
280.61,85,4.8,86,53,89,66,85.7,4
107.33,63,15.1,63,73,100,84,4,2
82.67,93,1.8,98,67,78,77,1.67,34
229.6,88,11.9,96,73,100,84,10,37
355,66,2.7,67,80,89,83,68.75,9
151,92,12.2,97,73,100,80,4.5,11
268.2,93,1.2,98,67,100,82,44.8,7
296.06,55,6.5,56,67,78,72,64.28,96
215,90,1.6,96,73,100,84,9.2,32
278.08,59,6.1,59,60,78,62,3,27
320,91,23.3,97,73,89,62,237,6
126.22,92,14.1,97,73,78,62,19.44,88
275.87,85,3.8,86,53,89,66,94.61,8
259.8,88,13.4,96,67,100,82,45.2,5
1345.5,78,4,79,73,78,84,23.25,4
151,85,28.4,95,83,89,91,18,90
104,87,18.5,95,73,78,80,1,97
132.73,86,14.3,95,73,78,62,34.91,11
2141.7,88,3.7,96,73,100,84,1815.3,2
4651,65,0.9,65,73,100,80,273,2
227,92,15,97,73,100,84,6.6,34
350.33,91,7.5,91,73,78,80,51.83,1
191.11,87,9.6,95,67,78,77,30.85,89
79.65,61,13.3,61,67,100,77,2.75,3
174.17,88,13.7,96,73,78,84,18.84,5
1760.5,97,2.4,98,67,89,58,18.76,90
107,83,27.6,84,83,89,91,9,64
104,92,17.1,97,73,100,80,30.67,4
211.4,100,14.7,100,73,100,84,7.8,37
210.33,93,2.3,98,67,67,72,46.33,9
126.2,90,7.2,91,73,78,84,9.8,6
111,83,29,84,83,89,91,8,64
72.25,89,10.1,89,78,78,89,2.75,11
115,83,24.6,84,73,100,84,5,5
405,85,6.5,95,73,89,62,16.3,93
495,83,18,84,72,78,86,221,5
861.75,56,6.2,56,78,89,89,9.75,56
244,78,6.9,78,73,89,80,54.25,89
160.5,86,17.2,86,73,89,84,3,6
128.33,94,4.5,98,73,100,80,26.33,3
148.5,87,11.1,95,67,78,82,33.29,92
3347,83,5.6,84,83,89,91,2,3
3055,56,2.4,57,83,89,91,2.75,3
130.25,78,9.4,79,73,89,84,4,11
183.42,92,11,97,60,89,79,32.58,88
167,85,24.6,95,73,100,84,2,5
331,87,20.4,95,73,100,80,46,7
140.67,63,4.2,64,60,78,62,3,2
416.25,69,6,70,67,78,72,164.13,93
68.83,100,21.4,100,73,100,80,7.33,92
867.73,94,4,95,33,78,59,47.46,2
429.38,20,1,21,42,78,72,141,3
837.25,78,5.7,78,73,89,80,55,90
151.75,88,8.7,96,73,100,84,69,7
212.2,90,1.6,96,73,100,84,8.8,33
151.4,53,5.6,54,73,67,84,88.4,34
275.8,85,12.1,95,73,100,84,8.8,40
155,100,28.1,100,67,89,72,8,59
258,92,3.2,97,73,100,84,32.4,5
416.33,46,5.1,46,83,89,91,6.33,7
206.25,87,6.1,95,60,89,69,96.25,9
197,89,28.6,96,60,89,69,16,11
168.5,88,5,96,60,89,69,1,38
281.39,61,6.1,61,67,78,72,59.06,88
302.4,91,12.5,97,73,100,84,8.4,39
123.7,93,15.9,98,67,100,82,0.7,96
66,83,36.1,84,78,89,89,3,11
111,56,13.8,56,83,89,91,6,2
947,63,6,63,73,89,75,89,34
145.36,33,3.2,34,67,78,72,2.65,7
443.56,94,6.6,98,60,89,72,232.46,7
173,89,5.1,90,73,89,62,102,40
186,93,10.5,94,73,78,80,56,12
2457.5,96,2,99,73,78,84,1.5,5
994.26,30,2.8,30,67,78,82,88.47,6
349.8,92,1.4,97,67,100,82,39.4,6
103,94,36.6,98,80,100,87,1,8
142,96,29.3,99,73,100,84,17,60
211.57,89,4,96,83,78,91,15.93,7
214.8,91,15.4,97,73,89,62,11,2
243,93,13.7,98,58,100,75,9,35
635.42,32,0.3,33,33,78,59,370.75,3
1428,99,7.9,98,73,100,84,1274,11
113.75,8,9.2,9,67,78,72,3.85,6
141,90,1.9,96,67,78,72,25,3
196.83,75,1.1,75,73,78,84,36.16,96
317.59,91,7.7,92,67,100,72,46.24,5
153.79,86,10.1,95,67,100,82,31.79,57
439,86,16.5,95,58,100,80,2,5
110.67,98,1.6,99,73,89,80,45.89,37
317,95,23.8,98,73,100,80,22,7
843.5,97,5.7,99,58,89,69,98.5,9
134.5,72,15.9,72,78,89,89,11,11
244.25,70,9.3,70,73,67,84,30.13,8
292.21,56,6.5,57,67,89,77,54.42,95
150.4,20,6.5,21,60,89,69,6.8,5
256.39,85,5.1,86,53,89,66,77.13,10
280.36,94,8.2,94,73,78,62,109,36
309,96,23.5,99,73,100,80,22,10
156,98,12.5,99,73,100,80,1.5,37
348.1,67,2.3,68,73,89,80,74.4,94
369.83,66,2.9,67,80,89,83,76.5,11
573.81,11,3.5,12,67,78,72,36.72,11
218.75,68,2,68,60,89,69,80.75,2
1558.1,97,2.6,98,67,89,58,13.14,93
168.25,56,5.7,57,67,78,72,20.25,10
534.5,72,10.7,72,73,89,75,3.5,9
77,50,9.2,51,78,89,89,3.2,66
128.6,89,1.8,96,60,100,69,34.4,34
144.75,56,10.7,56,73,89,75,4.5,1
392.5,46,5.6,47,73,89,75,1.5,34
274.8,92,1.6,97,67,100,82,44.8,5
101,93,17.9,98,73,78,80,0.83,93
324.5,72,14.6,72,78,89,89,124.5,1
157.2,53,1.5,53,50,78,66,4.2,93
113.33,91,5.7,97,73,100,84,45.66,3
131.15,90,14,97,60,100,79,1.23,91
221.75,78,9.2,78,73,67,84,82.75,42
268.57,85,4.7,86,53,89,66,86.53,7
171.6,93,6.6,98,73,89,62,1.8,9
136.67,63,6.1,64,78,78,89,3,11
57,98,34.6,100,73,100,84,1,95
108,92,25.1,97,73,67,84,2,1
208.4,94,1.1,98,73,100,84,9.2,37
123.64,93,14.6,98,67,100,82,1.19,87
1387.5,78,3.5,79,73,78,84,31,4
335.89,36,7.1,37,73,78,83,4.78,11
83.42,66,1.6,66,73,67,84,3.67,87
337.6,99,2.2,100,58,100,75,39.8,9
201.48,53,6.7,54,67,67,82,98.35,38
210.79,89,11.5,96,67,100,77,5.61,10
512.88,99,6.8,100,67,100,77,17.88,60
341.39,82,0.9,82,53,89,66,122.26,7
205.5,73,1.9,73,60,78,74,27,33
243,63,8.3,63,73,89,75,13.33,35
247.05,89,6.6,89,67,100,77,55.1,11
843.33,88,3.9,88,67,78,77,467,96
143,83,15.9,84,73,78,84,23,57
140,89,7,96,73,78,84,9.67,5
201.6,91,1.5,97,73,100,84,7.8,36
214,100,26.7,100,73,78,88,2,1
50.07,27,11.2,27,67,78,82,5.93,89
2204.4,66,0.7,66,73,78,84,2050.1,36
1462,83,9.9,84,83,89,91,3,8
123,99,9.8,100,73,100,84,2.33,86
220.8,85,0.8,95,73,100,84,10.8,35
404.2,87,1.2,95,67,100,82,45,8
262.6,89,13.3,96,67,100,82,44,6
209.4,98,1.4,100,73,100,84,10,41
2297.6,98,1.6,98,73,67,84,712.55,9
111,87,27.4,95,58,89,80,2,11
303.2,51,5.6,51,83,89,91,6.6,37
1326.5,86,6.8,86,73,78,84,41,32
348,100,2.4,100,67,78,72,16.8,5
275,72,11.8,72,83,89,91,9,11
179.5,72,4.1,73,60,100,74,7.5,33
782,84,1.5,85,73,78,87,3,10
104,90,3.4,96,80,78,87,39,87
481.9,94,2.1,94,67,67,84,6.7,89
103,85,16.1,95,73,78,80,0.89,91
799,99,14.4,95,58,89,80,723,3
319.3,85,0.4,85,53,89,66,128.13,9
144.31,56,7.4,57,60,67,74,105.5,56
281,90,10.2,97,67,78,77,0.82,81
703.25,92,3.6,97,73,100,80,265.25,9
327.86,94,6.3,98,67,100,77,4.22,91
104.6,51,6.7,51,83,89,91,24.2,9
119,95,31.3,98,73,100,84,18,11
278.87,86,4.9,86,53,89,66,84,4
2835.6,97,2,99,73,78,62,13.45,89
114,83,24.1,84,73,89,84,4,7
331.43,85,1.1,86,53,89,66,93.52,10
212.5,100,13,100,78,78,91,6,6
396,72,6.7,72,67,89,72,10,93
139.5,85,23.2,95,83,89,91,19,40
1479.8,65,2.8,65,73,89,80,44,87
227,91,14.2,97,58,100,75,10.6,34
75.13,20,4.4,20,60,78,79,5.17,12
575.5,86,6.4,95,67,100,82,1,88
1316.8,88,3.8,96,80,100,87,308,7
1383.3,91,3.2,91,73,78,84,41.83,10
144.75,98,2.1,100,73,78,84,2.25,9
872,83,15.4,84,78,89,89,14,66
136.33,46,8.6,46,73,89,84,4.33,57
571,83,8.4,84,67,89,72,4,12
201.12,44,0.9,44,67,89,72,112.87,65
462,99,12.7,100,73,78,80,11,90
189,100,15.4,100,73,100,84,21.5,94
670,93,13.2,98,80,100,89,16,10
1410,83,10.6,84,83,89,91,5,11
175,86,9.4,86,73,78,84,3,8
620.5,96,8.7,99,73,100,80,398,10
143.6,98,16.7,100,73,78,62,34.4,96
748,100,17.3,100,80,89,65,29,4
1321.5,78,4.1,78,73,78,84,27.25,6
109,90,24.1,97,73,67,84,2,10
218.8,89,1.4,96,73,100,84,9.2,36
421,63,6.7,63,67,78,85,57,11
40,72,14,72,73,78,84,2,8
319.25,89,2.6,96,73,100,80,99.5,10
1648.5,74,3.8,74,83,89,91,265.5,57
338.87,86,2.5,86,53,89,66,97.09,8
648,92,0.6,97,73,78,84,3,34
90.12,69,6.5,70,73,89,84,21.37,12
560.62,100,2.2,100,78,89,89,41.85,90
136,89,20.3,96,60,89,69,51,7
192,98,1.3,100,73,100,84,14,40
602,90,18.7,96,73,100,84,19,12
146.88,92,13.4,93,73,78,75,11.88,64
57.42,66,12.5,66,67,100,77,5.31,10
257,94,1.2,98,67,100,82,37.2,7
84,95,22.4,99,50,89,77,1,2
206,95,1.2,98,73,100,84,8.8,34
199,96,13.5,99,73,100,84,36,86
267,98,9.5,100,80,78,65,2,3
232,100,13,100,73,100,84,51.5,35
332,97,10.4,99,80,100,86,2.29,5
753,72,7.7,72,73,78,84,1.5,67
266.6,88,1.9,96,67,100,82,43.2,6
87.9,67,14.7,67,73,67,80,37.8,88
505,89,7.8,96,83,89,91,32.67,60
98.67,91,18.6,97,67,78,77,0.67,92
216.5,98,4,100,67,100,77,17.5,18
3356.5,91,1.5,97,60,78,79,19.07,91
622.33,75,6.3,76,53,89,66,7,62
108.5,86,16.5,86,80,89,87,2.5,89
119.67,94,11.8,98,73,78,80,2,6
262.4,96,3.2,99,73,100,84,48.6,5
78,92,36.9,97,73,100,84,1,89
736.5,86,9.2,86,73,78,84,2,6
310.74,86,3.6,86,53,89,66,93.78,2
292,86,3.8,87,53,89,66,90,10
1147.3,27,3.2,28,60,78,79,1.91,1
234.5,89,23.7,96,78,89,89,106,9
250.8,100,1.4,100,50,100,72,42.4,12
195.75,86,13.3,95,67,78,82,1.13,38
213,85,1.8,95,73,100,84,8.2,40
1226.7,63,1.9,64,83,89,91,869,41
268,88,10.9,88,67,78,72,11,2
62.05,72,10.2,73,67,100,77,6.05,8
82,83,38.7,84,80,89,57,2,3
352.5,86,4.5,86,73,89,84,267.5,64
462.5,78,2.7,79,73,67,84,177.5,66
379.2,96,1.1,99,67,100,82,44.4,10
94.67,98,4.7,99,73,100,84,16.34,8
135,97,7.5,99,73,78,84,9,10
337,93,4.7,98,67,78,72,27,1
231.8,94,15.3,98,73,100,84,5.8,32
288.21,93,7.7,98,67,78,82,16,92
215,98,1.6,100,73,78,84,3,9
101.5,90,1.4,97,58,100,75,8.25,4
257.8,92,1.1,97,73,100,84,8.2,38
147,83,13.2,84,80,100,83,2,3
543,95,9.3,99,73,100,84,7.4,42
160,83,25.7,84,78,89,89,3,7
409,84,1,85,53,89,66,167,2
205,83,21.2,84,83,89,91,4,36
101,85,16.1,95,73,89,75,16,64
473.67,63,7.9,63,67,78,72,7.34,4
331.5,88,4.6,96,73,78,84,29.5,96
107.57,89,2.2,96,73,100,80,5.71,2
47.56,62,7.5,63,67,89,72,1.81,38
200.2,100,1.1,100,73,100,84,10.4,40
706,86,3.2,95,73,78,84,15.5,31
188.67,68,0.6,68,67,89,72,60,79
390,72,16.2,72,78,89,89,119,11
229.78,16,11.6,17,72,78,86,3.19,58
161,83,25.6,84,78,89,89,4,5
356.67,66,3,66,80,89,83,59.5,7
325.97,12,3.5,13,67,78,72,25.23,40
317.8,90,1.3,97,67,100,82,46.2,9
199.25,92,8.2,97,80,100,87,20,90
303,84,3.2,84,67,78,77,3,87
397,56,5.5,56,67,78,85,50,4
136.17,89,8.4,96,73,56,75,11.17,7
125,91,32.3,97,58,89,80,6,9
329,92,25.6,97,73,100,84,154,6
140.33,63,19.9,63,83,89,91,2,8
452.75,88,4.5,96,67,100,72,142.25,88
64,83,24.7,84,78,89,89,3,1
71.62,17,5.3,17,60,78,79,5.5,7
248.31,12,7.3,12,53,78,71,9.46,66
1936.3,76,2.3,76,73,78,88,1627.3,4
163,83,22.8,84,78,89,89,5,1
323,90,23.5,97,73,100,80,23,3
127.68,59,8.5,60,80,78,83,3.41,90
285.04,86,3.2,86,53,89,66,91.87,4
182.57,43,5.3,43,83,89,91,9.28,9
131.71,65,2.1,65,73,89,80,1.35,91
165,89,13.6,96,80,78,87,2,63
203.6,97,3.3,99,58,100,75,6.8,32
371.35,87,1.4,88,53,89,66,126.61,9
206.2,87,3.7,96,73,100,84,6.2,34
135.33,86,10.1,95,73,78,84,8,6
144.8,91,18.8,97,73,78,62,27.2,88
116.5,56,7,57,73,100,80,1.75,60
60.84,70,10.5,71,67,100,77,5.95,5
291,99,1.1,100,58,100,75,9.8,39
151,93,3.7,98,73,89,62,31.5,12
303.43,85,1.8,86,53,89,66,116.73,4
298,99,10.3,100,83,89,91,20,8
1112.3,78,2.8,79,73,78,84,75.25,17
252.4,95,1.8,98,58,100,75,7.6,34
1306,73,1.2,74,73,89,75,259.5,12
306,90,12.6,96,73,100,84,7,35
102.64,83,13.3,84,78,89,89,48.36,3
152.45,96,13.2,99,67,78,77,6.09,8
165.2,91,1.4,91,73,100,80,11.6,62
65.07,88,16.7,96,67,100,77,1.28,3
222.08,59,7.6,59,73,78,80,60.37,27
520.5,92,6.5,97,67,100,72,19.25,62
138.06,100,11,100,60,78,69,2.06,83
263.89,87,7,88,67,100,77,70.52,4
167.5,55,6.3,56,67,89,72,26.67,10
184.67,98,2.6,100,60,78,79,32,27
98,94,0.7,98,73,78,80,3,96
125.67,92,7.2,97,73,78,84,18,9
79.25,99,20.8,100,73,78,80,25.5,92
127.5,98,12.4,100,73,89,75,11,9
53,97,11.6,99,73,78,84,2,38
111.33,95,11,99,67,78,77,31.8,96
615,97,1.4,99,80,78,65,54.5,33
289.25,92,11.4,93,73,100,80,4.63,60
172,98,6.1,99,73,78,84,1,37
165,100,23.4,100,73,100,80,2,4
338.82,85,0.4,85,53,89,66,140.68,3
208.6,67,4,67,73,89,75,56.1,4
374.67,63,6.3,63,73,89,62,15.67,91
172.67,87,6.8,95,73,78,84,14,8
324.44,31,4.9,32,60,78,83,123.94,11
116.75,56,4.9,57,73,89,80,2,37
423.7,67,4.8,67,80,67,87,36.4,10
149,94,16.7,98,73,78,84,36,42
312.67,63,8.6,63,83,89,91,40.34,12
246.25,88,6.3,96,73,100,80,17,58
120,97,11.9,99,73,78,84,57,41
183,89,5.8,96,73,78,84,3,2
205,71,13.1,72,83,89,91,11,4
195.56,100,11.6,100,73,78,80,25.78,95
262.37,34,5.9,35,67,89,72,35.48,9
118,96,8,99,73,78,80,3,11
212.2,95,1.6,98,73,100,84,12.8,32
99,83,17.1,84,73,78,80,4,5
328,85,12,95,58,100,75,9.6,33
186.25,87,4.1,96,73,100,80,14.75,57
171,86,16.5,95,73,100,80,2,8
191,92,9.4,97,73,100,84,42.6,1
142.5,94,6.8,98,73,78,84,12.5,3
281.6,95,13.9,99,73,100,84,7,35
1242.1,64,3.3,64,73,89,80,28.67,87
89.6,88,18.7,96,67,78,58,32,4
108.67,87,4.8,95,73,100,84,24.84,12
507,89,2.2,96,73,100,84,42.8,5
411.83,66,2.7,66,80,89,83,78.5,2
172.5,72,14,72,83,89,91,7,11
319.38,12,3.6,13,67,78,72,31.07,34
69.33,91,1.7,97,80,78,87,2,66
214,93,1.3,98,58,100,75,8.6,41
55.75,78,10.4,78,73,89,84,3.5,87
704,83,15.5,84,89,100,93,8,65
129,13,8.9,14,33,78,59,8.39,95
245.6,99,1.6,100,50,100,72,40.8,6
599,92,3.6,97,67,89,72,9.67,10
79,83,22.7,84,50,89,80,4,7
2801.6,96,2,99,73,78,75,8.89,92
506.85,21,6.3,21,60,78,74,6.2,59
659.5,97,4.7,99,73,100,87,2,6
1614.7,63,3.7,64,73,89,75,5,57
465,83,9.1,84,83,89,93,63,10
201.2,97,1.2,99,73,100,84,8.4,32
222,90,10.2,97,73,100,84,23.67,12
218.4,92,1.7,97,73,100,84,6.8,42
164,71,11.2,72,83,89,91,24,58
174.1,55,10.2,55,67,89,77,28.03,36
256.2,98,1.4,100,73,100,84,39.6,10
108.5,100,1.1,100,73,78,80,1.5,87
280,79,2.3,79,80,78,87,2,89
119,86,18.1,86,73,89,84,4.5,12
97.04,94,11.9,98,67,78,77,39.12,58
3582.8,99,2,99,80,78,83,31.6,95
240.17,91,2.5,92,67,89,72,46.67,88
168,26,7.7,26,53,100,66,16,33
119.83,74,2.8,74,73,78,80,35.33,87
306.2,95,9.8,99,73,78,80,21.2,90
85.25,97,19.3,99,73,89,62,28.25,92
332.11,31,4.5,31,60,78,83,118.67,9
65,86,18,86,73,89,84,4.5,91
189,83,22.2,84,73,100,84,7,8
270.5,45,1.6,45,58,78,69,2.83,5
4023.3,16,0.6,17,60,89,79,315.26,38
3071.5,90,1.4,97,80,78,87,19.75,38
113.5,72,17.2,72,50,78,77,2.5,5
110,83,20.8,84,58,78,84,6,7
161.69,87,12.4,95,60,100,74,14.77,94
98.33,99,5.5,100,73,100,80,46.66,67
378,83,17.8,84,83,89,91,15,59
774.25,56,5.2,56,80,100,78,6.75,91
207.8,86,1.6,95,58,100,75,9.2,35
64.75,86,7.8,86,67,100,77,7.95,11
108.67,88,5.2,88,73,89,75,19.67,9
161.54,90,9.6,96,67,89,58,29.54,89
474,89,11.5,96,58,89,69,196,8
385.5,56,2.4,57,50,78,77,70.5,10
108,83,23.4,84,80,100,87,3,7
108,83,28.2,84,83,89,91,8,64
240.5,72,8.6,72,78,89,89,117,10
410.75,78,8.4,79,73,89,84,3.75,9
118.14,60,9,60,73,89,80,3.41,86
154,83,23.5,84,83,89,91,5,9
329.6,89,3,96,73,100,84,47.6,8
64,83,24.8,84,78,89,89,4,11
539.29,63,6.2,63,80,67,87,324.79,41
208.22,61,7.6,62,73,78,80,81.83,3
282.09,85,2.2,85,53,89,66,95.96,4
470,94,12.4,98,73,78,84,1,5
220.96,87,11.1,95,53,89,66,40.44,2
146,90,6.7,97,73,78,84,12.67,2
243,90,8.1,96,80,100,83,19.75,6
3997,90,1.7,90,73,78,84,11.4,8
181.12,95,11.3,99,53,100,71,37.41,89
191,84,5.4,84,53,89,66,97,2
126.5,14,6.3,14,60,78,69,65.09,8
192.5,86,8.6,86,73,78,84,3.5,10
295.6,100,1.1,100,67,100,82,45.2,5
329.43,86,1.2,86,53,89,66,101.17,4
133.21,55,8,56,60,67,79,10.42,88
396.75,78,7.7,79,73,89,80,4,10
185.33,63,9.7,63,80,100,87,107.66,12
685.86,22,3.2,22,33,89,59,22.14,3
266.74,85,4.4,86,53,89,66,82.44,10
425,56,6.1,56,58,78,80,10,10
156,86,23.3,95,80,100,87,2,95
181,83,30.6,84,80,78,83,94,7
292.2,90,12.3,97,73,100,84,12.4,39
116.28,54,8.8,54,60,89,74,9.71,60
274.78,85,3.6,86,53,89,66,88.74,3
124.33,85,7.5,95,73,78,84,11,10
161.5,34,2,35,67,67,82,21.64,12
329.5,92,3.6,97,73,78,84,13,33
162.14,93,13.1,98,73,78,80,23.28,94
188.38,69,9.9,70,73,67,84,52.13,87
457,83,15.3,84,83,89,91,2,10
237.12,62,4.8,63,78,89,89,5.5,8
261,83,19.4,84,83,89,91,9,31
236.21,64,2.5,64,80,67,83,48.07,88
42.64,64,6.1,64,67,89,72,1.78,39
189.78,85,9.7,95,53,100,76,41.56,34
251.5,78,8.5,78,73,78,84,161.75,36
328.6,86,1.7,95,73,100,84,9.2,37
112,83,37.7,84,73,78,75,1,3
41,97,43.1,99,73,100,84,1,5
164.8,99,5,100,73,100,84,4.2,87
709.5,86,3.7,86,67,78,82,35.5,4
130.08,95,13.1,99,67,78,82,21.16,91
371.45,19,1.1,20,42,78,72,61.07,7
187,65,10.1,66,67,89,66,71.5,9
1567.1,73,0.2,74,53,89,66,396.54,3
82,83,24.3,84,73,78,84,5,6
285,85,4.2,95,73,78,84,96,38
369.4,61,6.9,61,73,89,75,29.6,3
112,83,27.3,84,73,100,84,5,5
3768.3,63,1.4,63,83,50,91,1991,56
120,83,19.3,84,73,89,84,14,58
174,83,19.3,84,73,89,75,4,11
152.1,67,3.8,68,73,89,84,3.3,32
90,83,21.8,84,78,89,89,3,59
413.62,99,8.9,100,80,89,83,2,7
136.38,70,4.8,70,73,89,84,5.88,4
140.92,94,12.6,95,73,89,62,43.17,11
119,92,14,97,73,78,80,42.25,89
169,96,12.2,96,50,89,66,9.83,11
126,83,12.7,84,73,78,84,17,63
267,63,3.4,64,60,89,69,15.33,10
206,88,22.4,96,80,100,87,25,32
71.21,71,10.7,71,67,100,77,6,8
213,88,2.7,96,60,100,74,44,30
243.91,85,7.1,86,53,89,66,57.91,1
174,83,14.9,84,73,100,75,3,37
105.5,56,9.4,56,83,89,91,33.25,2
103.25,97,1.2,99,80,78,87,39,89
213.17,99,1.2,100,60,100,79,44.34,56
626.75,66,4.3,67,73,78,84,482.75,4
356.75,56,7.5,56,83,89,91,8.75,36
210.25,78,8.8,78,67,89,72,54.75,8
186.56,96,8.8,99,60,78,69,34.56,90
300.76,91,8.2,92,67,100,72,46.47,7
144,83,25.3,84,83,89,91,4,10
240.3,56,1.3,57,60,78,79,8.5,9
1074.3,14,3.1,14,60,78,69,4.72,9
110,83,27.6,84,83,89,91,10,67
246,95,15.8,98,67,100,83,28.5,3
56.2,97,22.5,99,67,78,72,7,78
310.25,22,2.8,22,42,78,74,194.3,5
175.5,90,7.6,97,80,100,83,39,11
181.33,89,8.9,96,73,78,84,12.33,3
4103.3,83,0.8,83,67,89,72,10.12,11
108,93,30,98,73,67,84,2,8
207.88,92,6.4,93,33,78,59,9.67,3
140.8,90,5.6,91,60,89,69,13.4,62
206.4,86,15.5,95,58,100,75,5.6,33
65,83,26.4,84,78,89,89,4,5
80.67,38,2.3,38,80,89,78,3.67,62
872.12,89,5.6,96,73,78,80,5.74,87
84,94,21.6,98,50,89,77,1,4
289.6,94,1.1,98,58,100,75,6.8,36
1146,34,1.7,35,67,78,82,1054.6,12
215.6,89,1.5,96,73,100,84,11.8,38
139.5,46,6.2,46,73,89,84,8,66
205.8,90,1.3,97,58,100,75,8.4,32
204,98,12.7,99,80,89,65,2,34
261.33,95,10.1,98,80,89,65,100.66,90
636.25,56,4.8,56,67,78,72,2,10
2282.8,78,2.4,79,73,78,80,2.75,11
346.39,85,2.6,86,53,89,66,110.48,2
206.8,89,2.5,96,73,100,84,6.2,32
217.8,88,1.5,96,73,100,84,9.4,35
133.33,95,8,98,73,78,84,10,10
378.29,96,9.6,99,80,78,83,8.58,91
299,90,14.9,96,73,100,80,109.5,9
440.06,91,7,97,60,89,69,182.3,4
186,93,5.5,98,73,78,80,1.33,91
221.2,92,14.2,97,73,100,84,9.2,38
148.69,95,14.4,95,67,100,77,5.92,64
220.8,93,1.7,98,73,100,84,8,41
357.35,92,7.3,97,60,78,74,2.1,91
120,99,7.4,100,73,78,84,10.33,8
532.4,51,4.9,51,67,78,82,11,2
49,72,21.6,72,78,89,89,2.5,3
523.75,94,6.9,95,73,100,80,64.5,94
235.2,94,1.2,98,58,100,75,8,41
105.5,86,17.9,86,73,89,80,3.5,11
308.88,18,6,19,60,100,74,4.13,2
338.2,99,5.6,100,73,100,80,46,4
2511,98,6,100,73,78,84,29,42
188,83,20.9,84,83,89,91,3,3
163.67,99,2,100,60,100,74,50.67,7
91,85,28,95,60,89,79,1,90
119.5,71,15.8,72,73,89,84,61,2
236.2,96,3.6,99,73,100,84,45.2,5
4758,98,2.4,100,73,89,62,48,34
124.67,100,6.9,100,73,78,84,11,6
413.09,8,5.4,9,60,89,69,10.11,36
117.5,88,1.4,96,73,78,84,1,86
281,83,19.4,84,80,100,72,4,58
145.62,92,2.4,97,73,100,80,41,87
298.61,86,1.3,87,53,89,66,89.83,11
357.8,87,1.2,95,73,100,84,7,40
57,85,5,95,73,100,80,1,96
215.6,87,1.6,95,73,100,84,10.8,32
355.5,86,2,95,67,78,77,26,4
166.5,87,16.7,96,67,89,82,59.5,12
82,83,35.9,84,73,78,75,2,3
356,84,4.7,84,73,89,75,72,2
266,83,19.2,84,83,89,91,8,10
157.5,94,3,98,67,78,72,1,42
331,85,25,95,73,100,80,19,3
247.38,28,5.9,29,42,78,74,6,9
138,86,15.4,95,73,100,84,15,41
250.4,88,1.7,96,67,100,82,43.4,10
1015,83,1.3,84,73,89,75,4,7
459.14,99,7.2,97,67,78,72,10.85,92
225.5,73,4,74,73,67,84,103.83,41
220.6,88,15,96,58,100,75,6.2,38
326.25,95,8.5,98,73,78,80,10.5,3
295.89,61,6.3,61,73,89,80,102.17,11
353.26,85,2.5,86,53,89,66,113.91,4
193.67,99,12.3,100,73,100,80,1.23,32
538,98,14.5,99,73,78,84,55,4
120,97,4.9,99,80,100,87,1.67,97
251.5,88,4.2,96,60,78,69,141,3
317,72,18.4,72,78,89,89,120,7
184.4,94,2,98,73,100,84,7.6,34
248.81,28,8.4,30,42,78,74,4.81,9
371.17,74,2.7,74,73,78,84,111.84,89
363,63,8.4,63,67,89,72,43.67,6
412.5,72,5.9,72,73,100,84,5,8
147.33,99,13,100,73,100,84,1,57
206,83,18.1,84,83,89,91,25,9
382.6,87,3.5,95,73,100,84,4.8,41
231.39,86,10.4,95,73,100,80,1.33,90
217.6,94,14.1,98,73,100,84,10.6,34
159.5,78,6.8,79,60,89,79,84.75,87
46.05,89,20.7,96,67,100,77,4.48,8
334,67,4.4,67,67,89,72,1.9,40
66.5,72,13.7,72,80,89,87,5.5,59
249,97,8.5,99,67,78,58,43.85,10
305.75,70,5.7,70,73,89,84,2.13,7
126,83,18.4,84,73,89,80,12,64
173.67,63,12.7,63,80,100,87,3.34,11
67,83,25.1,84,78,89,89,3,6
228.2,86,14.8,95,73,100,84,8,35
356.5,93,10.3,98,73,100,84,1,8
158.8,98,20.1,100,67,100,82,1.2,95
314,90,24.6,97,73,100,80,21,6
223.83,92,10.8,97,53,89,66,39.74,6
606.5,56,3.3,57,67,78,82,311.5,93
121,90,4.1,91,73,78,84,30.2,58
150,94,7.8,98,73,78,84,8.33,5
939.7,98,2.4,99,73,78,80,481.1,11
2482,94,5.6,98,73,78,84,2,10
44.97,51,7.8,52,60,89,69,1.59,35
190.07,95,9.8,98,33,78,59,21.83,11
194.5,72,5.3,72,78,50,85,28,2
207,99,29,100,80,100,87,2,95
106,90,35.7,97,80,100,87,1,1
79.35,96,19.1,99,67,89,58,24.59,87
82.43,42,6.5,43,78,89,89,3.14,59
1619.3,78,3.1,79,73,78,84,91.5,5
138.5,46,10,46,73,89,75,5,39
250.74,86,7,86,53,89,66,60.04,2
1418.3,87,2.1,88,73,78,84,53.27,4
93.5,86,9,86,73,78,84,3,36
148.33,89,1.2,89,73,78,80,69,38
4989.7,93,1.6,93,73,100,80,14,5
211.75,88,6.9,96,73,100,80,34,7
158.2,87,15.5,95,73,78,62,6.2,32
78.82,88,17.1,96,73,78,62,33.09,4
315.4,98,2,100,67,100,82,44.6,9
150.5,42,0.1,42,73,89,80,0.88,1
117.67,94,3,95,78,33,89,7.84,4
358,95,27,98,50,89,66,119,6
146.5,97,9.4,99,60,100,79,60.5,8
81,98,2.8,100,80,100,83,2,33
642.5,72,5.4,72,67,89,72,25,41
1067.7,63,1.9,64,83,89,91,751.34,38
850.92,88,3.9,88,67,78,77,476.42,90
579.5,78,6,78,67,67,82,397.25,41
109,96,15.1,99,60,89,79,1,2
495,97,9.2,99,73,100,84,10,32
307.3,17,3.8,17,42,89,62,20.23,4
130.2,62,1.9,62,53,67,71,5.53,7
765.5,99,4.4,96,80,89,83,560.5,5
151.1,60,5.5,61,67,78,72,33.1,7
100.56,99,14.1,100,73,78,80,1.23,91
109.5,91,24.9,97,83,89,91,2,9
53,83,21,84,60,89,69,4,6
563.22,86,2.6,95,73,89,62,1.66,8
77.43,42,5.5,43,78,89,89,3.29,63
206,89,1.4,96,58,100,75,10,40
132.5,90,2.3,97,73,78,62,18,86
309,42,4.5,43,83,89,91,7.29,34
42.5,72,13.5,72,73,78,84,2.5,11
230.8,88,1.6,96,73,100,84,8.2,34
220.8,90,14.6,97,58,100,75,8.4,35
329,98,23.9,99,73,100,80,20,7
233.4,91,1.4,97,58,100,75,7.2,32
206.5,86,12.7,86,73,67,84,49.5,9
108,86,17.7,86,73,89,84,3.5,8
215.91,82,7.8,82,53,89,66,53.34,10
320.67,93,10.6,98,73,89,62,136,37
315,100,26.2,100,83,89,91,5,6
117.58,66,4.2,66,73,89,80,2.5,9
210.67,98,15.1,99,73,78,80,4.56,11
400.5,56,5.6,56,80,89,87,8.5,57
127,88,2.1,89,73,100,80,7.33,66
275.57,85,4.2,86,53,89,66,81.96,7
222.47,97,8.5,99,60,78,54,12.61,87
40,72,19.8,72,73,78,84,3.5,5
268,83,17.2,84,67,89,72,37,11
176,90,13.8,97,67,78,77,2,8
158,100,23.3,100,80,89,87,1,10
289,85,10.4,95,73,78,80,2,88
571.75,46,4.6,47,73,89,75,101,11
485,63,7.8,63,67,78,72,4.67,12
68,86,18.3,86,73,89,80,3,33
86,98,20.7,100,50,89,77,3,5
128.5,86,6.4,86,73,67,84,88,32
83.31,99,17.8,100,67,100,77,9.69,8
144,85,28.8,95,73,100,84,2,9
124.33,94,7.1,98,73,78,84,10,10
131.75,90,8.7,96,73,100,84,1.5,12
212.67,88,11.8,88,67,78,72,9.34,9
107,85,33.3,95,80,100,87,1,4
337,83,19.7,84,60,89,69,9,10
213.4,98,4,99,73,100,84,6,38
413.33,100,12,100,78,78,89,27,7
165,83,27,84,83,89,91,2,9
225.8,97,3.4,99,73,100,84,45.4,6
531,72,8.8,72,83,89,93,7,7
57,91,27.3,97,83,89,93,14,8
503.67,63,4.9,64,73,89,75,18,35
896.67,63,4.8,63,83,89,91,505.67,40
43,72,15.2,72,73,78,84,4.5,5
251.8,94,1.9,98,67,100,82,37.8,1
207.67,26,3.3,26,53,78,66,52.6,7
315,83,15.2,84,83,89,91,36,38
317.25,78,2.8,79,73,78,84,36.75,94
109,93,29.9,98,83,89,91,3,4
204,94,2,98,73,100,84,8.2,40
217.5,86,11.7,86,73,89,84,99,91
173,86,13.2,95,73,78,84,3,7
102,91,9.2,97,67,78,82,1,9
77.5,86,16.8,95,80,100,87,1,36
311.8,91,1.8,97,67,100,82,44.6,11
1936.5,93,3.4,98,73,78,84,39,93
539,95,3.6,98,60,100,79,42,85
328.67,21,3.7,21,60,78,79,10.43,6
193.36,51,8,51,67,67,82,74.52,8
247.5,93,16.8,98,73,78,80,13.5,95
481.67,85,6.6,95,73,78,84,10.67,7
1691.8,100,1,100,73,78,84,1.25,9
276,88,13.5,96,73,100,84,6.4,36
527.5,72,7.2,72,73,78,84,21,63
278,94,12.5,98,73,100,84,8.6,35
563,80,2.3,80,53,67,76,7,7
336,88,2.3,89,73,78,62,236,91
246.4,100,1.9,100,67,100,82,42.8,1
390.2,91,11,97,58,100,75,8.6,41
302.33,53,6,54,67,89,72,12.03,12
114.58,95,13.3,99,67,89,82,32.45,92
139,72,10.7,72,67,78,82,2,9
124.67,89,2.1,96,73,78,62,39,6
59,88,28.6,96,73,89,62,2,93
79,84,7.1,84,60,89,69,15,10
165,100,4.5,100,73,78,80,17.8,1
216.54,87,9.9,95,67,78,82,33.69,86
107.45,97,13.3,99,73,78,80,1.36,94
4845.7,94,1.7,95,73,100,80,24.34,11
315.85,90,9.9,97,72,89,86,1.65,4
175.5,86,14,86,73,89,84,69,1
3197.1,48,1.5,48,72,89,86,23.21,59
127.5,78,8.4,78,73,89,80,6.5,65
301,20,4,21,42,100,66,7.67,88
178,86,20.2,86,73,89,84,2,3
217.8,90,1.3,96,73,100,84,7.4,40
541,91,20.3,97,73,100,84,360,35
184.5,73,3.2,74,73,67,80,1.5,59
374.25,56,5.4,57,60,78,79,45.75,8
2098,86,5.1,86,80,67,90,55,65
191.2,96,1.5,99,73,100,84,7.6,36
246.25,70,3.8,70,67,89,77,6.75,95
132.17,93,4.8,98,67,100,82,3.17,86
200.4,97,2.3,99,73,100,84,6.2,33
249,56,8.1,57,73,78,87,2.25,5
139,83,20.9,84,67,89,72,3,10
212.4,96,1.6,99,73,100,84,11.2,31
237.75,98,2.3,100,72,33,86,9.33,9
124,91,26.9,97,73,78,84,8,66
303.8,93,13,98,73,100,84,6.4,36
153.32,97,9.2,97,60,100,74,2.96,91
310.09,85,2.4,86,53,89,66,107.52,8
174.11,60,7.5,61,60,89,74,104.28,88
115,86,8.7,86,73,78,84,2,5
314,83,14.3,84,73,89,75,28,7
178,98,34.4,99,83,100,91,8,9
64.5,99,24.3,100,73,78,80,22,88
267.4,91,1.5,97,67,100,82,51,3
218.6,93,1.1,98,73,100,84,5.4,33
344,95,23.2,98,73,100,80,18,5
234,97,2.6,99,73,100,84,4.2,39
148,72,8.3,72,73,78,84,17.5,62
291.5,89,7.6,89,60,100,74,137.5,4
104,99,1.1,100,73,78,80,1.33,59
1668,63,3.9,64,67,78,82,239.33,6
291.09,84,1.3,84,53,89,66,106.44,8
538,97,10.2,99,73,78,84,2,88
282.6,89,2.3,96,73,100,84,37.8,9
197,88,3.7,96,60,100,79,63,61
157,93,4.7,98,60,100,74,45.5,23
123,99,7.5,100,80,89,83,2.5,7
635.86,86,6.8,95,80,100,86,3.72,2
180.36,85,10.8,95,73,100,75,13,4
3163.2,93,2.3,98,73,78,62,40.2,6
195.54,28,5.8,29,60,78,62,48.62,86
279.74,85,4,85,53,89,66,67.44,7
168.33,87,1.5,96,73,89,62,0.66,12
73.5,87,23.8,95,73,89,62,18.75,95
178.75,56,8.4,56,60,89,69,4,2
1259.3,37,2.9,38,67,89,72,44.77,1
256.2,92,13.7,97,58,100,75,9.6,41
146,91,1.9,97,67,78,72,12.6,3
71.16,99,21.9,100,78,89,89,16.44,11
456.79,85,6.8,95,60,78,69,137.37,41
358,83,16.8,84,83,89,93,5,8
173.88,99,3,100,73,100,87,1.5,95
421,86,9.7,86,73,78,84,2.5,87
319.2,89,3.9,96,58,89,69,1.4,59
328,89,7.1,96,67,78,77,32.5,12
95,96,28.3,99,60,89,79,1,88
963,95,11.1,98,58,100,57,6,5
146.5,86,10.7,86,73,78,84,75,7
298,83,26.5,84,83,89,91,3,4
242.5,62,6.1,63,73,89,75,5.12,6
180,87,12.1,95,73,78,80,55.25,8
57,86,40.1,95,73,100,84,1,10
103,93,34.2,98,67,100,85,2,7
204.4,92,1.9,97,73,100,84,6.2,40
1284,94,8.2,98,67,100,82,1236,5
96.5,86,13.3,86,73,78,84,3,37
194.59,95,9.4,96,53,89,66,5.33,9
188.31,100,11.8,100,67,100,77,6.23,6
346.5,86,16.9,86,73,89,84,270,93
150.17,91,18.1,92,73,100,80,4.84,65
629,92,2.1,97,50,78,66,15,1
69.71,91,22.6,97,67,89,58,15.47,92
996,83,14,84,83,89,91,59,64
136,83,24.6,84,83,89,91,12,61
372.7,91,4.4,97,73,78,87,2.1,64
224.8,98,14.6,100,58,100,75,9.2,42
2987,56,2.4,57,60,89,69,2092.5,11
139,89,18.2,96,73,78,84,1,57
213.2,98,0.9,100,58,100,75,7.2,41
163,90,20.1,97,58,78,75,1,10
304.8,89,13.5,96,73,100,84,6.6,42
174.77,56,2.6,58,67,78,82,37.92,58
209.6,92,16.2,97,73,100,84,5.8,35
159.5,71,20.2,72,80,100,78,5.5,2
323,83,23.9,84,83,89,91,9,67
184.75,92,4.7,97,73,78,84,1.75,4
109,99,30.7,100,67,100,82,1,40
512,93,10.4,98,73,78,84,64,38
252,100,20.6,100,58,100,75,1,4
225.2,93,2.2,98,73,100,84,6.2,31
117,85,24.5,95,73,100,80,30,11
171.47,56,9.2,57,67,78,77,29.74,3
238.09,71,6.4,71,53,89,66,73.74,5
378.5,34,5.1,35,83,89,91,3.8,7
123,91,7,91,67,78,66,7.83,4
404,83,15,84,67,89,72,6,36
327.13,13,5.1,13,67,78,72,24.98,37
144,83,16.9,84,67,89,82,10,4
285.14,63,7.9,64,73,78,80,16.35,92
252,92,13.1,97,80,78,87,1,39
277.78,86,3.2,86,53,89,66,68.87,7
253.33,88,3.4,88,80,78,83,50.33,11
113,92,28.4,97,80,89,87,6,8
188.8,99,1,100,73,100,84,6.8,41
330.5,65,7.8,66,73,67,84,13.33,3
212.5,100,1.5,100,73,78,80,1,90
143,99,16.6,100,73,78,84,42,94
121.91,91,13.6,97,67,100,77,0.98,62
246,86,8,86,73,78,80,74.5,91
126.4,89,18.9,96,73,78,84,1.2,36
254,84,1.9,85,73,89,75,7,3
38,95,2.1,99,73,78,84,1.5,6
107.83,73,8.5,73,83,50,91,2.5,63
448,83,13.8,84,73,100,75,4,62
171.68,38,8.7,39,78,50,89,13.36,9
130.33,94,4.5,95,78,33,89,3.5,11
303,83,26.9,84,83,89,91,1,2
4098,97,4.7,98,80,100,87,1,65
148,94,17.1,98,73,100,80,2.5,1
438,93,8.6,98,67,78,77,0.73,88
301.17,85,3.4,85,53,89,66,79.6,4
258.5,78,10.7,78,73,89,84,2.25,5
65,99,31.6,100,80,89,65,21,42
65,67,5.6,68,73,89,84,23.7,5
393.25,78,7.5,78,67,89,72,62.75,11
280.6,91,0.9,97,67,100,82,39.4,12
116.33,46,9.2,46,83,89,91,4.83,2
37,71,21.3,72,73,78,84,3,4
138.68,91,11.8,97,60,78,79,0.74,95
114,86,11.3,95,73,78,84,6.33,1
188.25,88,1.7,96,58,100,75,9.75,4
42.7,67,7.6,68,67,89,72,2.3,41
338.74,82,0.7,83,53,89,66,85.31,7
4740.8,93,0.8,98,67,78,82,23.14,7
125.5,86,21.3,86,73,89,84,2,59
3439.8,66,1.6,67,73,89,75,157.5,6
1918.4,51,3,52,83,89,91,31.8,7
240.25,78,9.1,79,73,89,80,2.25,10
84.25,90,16.3,97,67,78,72,42,35
191,83,21,84,67,89,72,12,37
405.14,91,7.9,97,73,78,80,2.71,94
509.5,86,12.6,86,73,67,88,37,11
298.2,98,0.9,99,67,100,82,59.4,7
80.4,91,2.9,97,73,100,84,43.3,90
221.8,99,15.6,100,58,100,75,5.4,40
251.07,56,5.2,58,73,67,80,133.43,31
632,72,13.1,72,78,89,89,122.5,3
374,88,10.4,96,67,78,77,0.67,95
374.6,51,4.3,51,73,78,84,24.2,6
787.47,95,4.5,96,58,100,75,84.6,9
298,88,27.4,96,73,100,80,14,11
363,83,19.2,84,73,78,88,163,2
82,83,41.2,84,67,89,77,2,10
564.5,97,13.4,99,73,100,84,1,12
472.8,96,10.2,99,58,100,75,6.4,36
348.33,66,4.4,66,80,89,83,72.33,3
750,83,7.4,84,73,100,87,3,5
134,83,26.8,84,78,78,89,4,2
121,87,22.6,95,67,100,83,9,4
190,95,1.1,98,73,100,84,6,38
300,94,27.2,98,73,100,80,14,9
243.02,90,4.2,90,53,89,66,56.36,6
376.64,100,7.3,100,67,100,82,3.28,83
237.33,63,4.3,64,67,89,72,120,59
303.65,85,3.4,85,53,89,66,86.35,7
86.27,55,12,55,60,78,69,45.25,91
226.6,95,15.5,98,73,100,84,6.6,42
230.89,79,11,79,60,89,69,4.11,9
129.33,95,15.9,98,73,100,84,1,32
338,66,4.5,66,80,89,83,65.08,4
290.22,85,2.9,86,53,89,66,82.7,11
182,100,29.2,100,80,100,87,1,31
67,86,41,95,73,100,84,5,3
152.56,94,17.7,98,73,78,80,18,35
842.33,93,7,98,73,100,84,109.66,77
284.13,84,3.3,85,53,89,66,72.35,4
80,99,36.3,100,80,100,87,13,3
175,86,15.1,86,67,89,77,47.5,90
106.77,12,13,12,60,89,69,8.92,92
200,91,30,97,80,100,87,12,6
151.6,50,7.9,51,58,78,75,4.6,86
257.4,89,13.9,96,73,100,84,11.6,32
186,78,11.4,78,67,89,72,37.5,3
384.4,90,1.9,96,73,100,84,49.2,9
227.62,8,6.9,8,67,89,72,5.01,11
213,96,17.1,99,73,78,62,108,2
240.4,88,1.9,96,73,100,84,5.2,35
1036.2,87,3.8,95,33,78,59,11.48,8
77,83,33.3,84,78,89,89,3,11
117,88,11,96,73,78,84,7.33,2
101,87,34.7,95,73,100,84,2,34
206.4,94,2.4,98,58,100,75,7.6,42
111.08,86,13.6,86,53,89,66,13.32,25
226,85,9.3,95,60,100,69,67,9
205.4,100,0.7,100,73,100,84,5.2,41
48.35,10,14.9,10,67,78,82,2.92,4
124.67,85,16.6,95,73,78,88,48.34,2
113,100,11.3,100,73,78,84,6.67,8
139.08,65,11.7,65,60,78,62,61.5,41
74,32,2.3,33,80,78,78,2.42,62
156,92,2.5,97,60,100,69,26,32
181.43,91,2.4,97,73,100,80,11.14,42
230.91,99,10.7,100,67,100,82,20.32,88
83.33,98,2.1,100,80,78,87,1.33,66
716,54,3.9,54,67,78,82,62.12,6
379.6,89,11,96,73,100,84,6,38
1122,51,3.3,51,73,78,84,1032.6,10
42.15,56,10.4,56,60,89,69,1.32,37
208.8,94,1.9,98,73,100,84,6.6,40
114.67,93,10.8,98,73,78,84,6,6
164.33,95,15.2,98,73,78,84,13.33,9
135,83,29.7,84,80,100,72,2,57
181.42,85,2.5,95,89,78,93,2.59,8
323.5,56,10.5,56,83,89,91,14,2
341.4,86,1.9,95,58,78,75,27.6,3
216,93,9.5,98,58,89,69,18,10
303.33,73,3.7,74,73,78,84,0.33,12
118.33,91,11.1,97,73,78,84,7,3
1034.4,32,3.1,33,60,78,79,931.07,5
38,71,21.1,72,73,78,84,2,2
435.33,21,4.2,22,33,89,59,10.77,8
116,99,24.5,100,60,100,69,14.5,33
157,90,11.3,97,60,100,74,61,1
237.36,59,7.7,60,73,78,84,2.5,89
305,83,26.9,84,83,89,91,1,12
1030.7,63,6,64,73,89,75,4,58
2175.2,47,2.3,48,73,100,84,1.84,5
150,56,11,56,83,89,91,0.5,92
280.8,91,2.4,97,58,100,75,42.2,9
122,63,9.6,63,80,100,87,2.33,4
1377.6,88,1.6,88,73,78,84,41.37,6
373.08,66,2.3,67,80,89,83,50,1
211.75,59,1.1,60,67,78,72,6,33
274.78,85,3.5,85,53,89,66,69.26,8
154,86,5.6,86,73,67,84,113,34
145,83,8.9,84,73,89,75,11,7
407,9,5,9,60,89,69,7.63,32
156.29,93,0.8,98,60,100,74,52.29,4
132.5,95,1.8,98,60,100,74,48,10
193,94,5,98,60,100,79,60.5,1
43.12,63,4.6,63,67,89,72,2.18,37
198.83,76,0.7,76,73,78,80,30.33,39
304.44,97,9.2,99,67,100,77,9,61
162.8,51,4.3,51,58,78,75,6.8,93
284.95,61,5.2,61,60,78,69,101.19,86
333.5,68,3,68,73,89,84,2.9,40
219,94,1.2,98,73,100,84,6.8,42
184,93,6.3,98,73,100,84,0.5,3
282,85,3.7,86,53,89,66,69.7,2
415.93,95,7.3,95,67,100,77,10.29,60
176,83,15,84,73,89,84,18,57
175.5,86,12.4,95,73,100,80,3.5,4
156.75,78,9,78,73,89,84,3.5,91
195,94,9.5,94,73,78,62,60.64,8
277.2,85,1.6,95,73,100,84,6.4,32
189.5,94,3.8,98,73,89,62,1.5,5
176.67,96,3.5,99,60,100,79,61.34,82
143.67,100,1.8,100,60,100,74,48.67,9
99.66,97,15.5,98,67,78,82,22.63,5
429.81,26,2.6,26,78,78,89,236.93,7
142,89,6.8,96,73,78,84,11,6
299.83,85,2.2,86,53,89,66,100.74,9
631,83,15,84,58,100,80,292,8
284,91,3.7,97,73,78,80,28,95
160.64,59,7.9,60,73,67,80,1.69,56
332.5,71,11.8,72,83,89,91,4.5,39
259.6,97,0.9,99,67,100,82,59.2,1
158,99,25.3,100,60,89,69,26,11
261.6,91,1.1,97,73,100,84,5.4,38
315,100,1,100,67,100,82,39.6,6
162.5,92,12.3,97,73,100,80,5,2
142.56,60,7.9,61,73,67,80,86,93
388.25,57,1.1,59,67,89,72,237.25,85
223.67,63,5.1,63,73,89,75,20.67,40
75.25,56,8,56,83,89,91,20.5,12
241.2,100,1.1,100,73,100,84,6.6,33
299.36,99,9.7,100,67,100,77,0.93,7
300.54,40,4,40,60,78,54,23.93,9
159.29,41,6.6,41,60,78,69,44.61,66
144,89,1.9,96,80,67,83,38.33,8
179.6,61,7.2,61,78,89,89,34.8,10
155,52,2.2,52,42,78,74,25.8,1
193,83,26.2,84,80,100,83,3,4
220.6,96,1.3,99,73,100,84,6.2,39
257.45,13,4.3,13,60,78,74,108.52,40
71.54,18,4.3,18,60,78,79,8.54,9
311.8,93,12.1,98,58,100,75,7.8,42
221,87,1.2,95,73,100,84,6,42
136.25,78,3.2,79,73,78,84,19.25,11
536.25,56,7.1,56,83,89,91,3,2
572,83,14.8,84,83,89,91,6,40
191.83,73,3.6,74,73,89,84,2.66,62
352.4,55,4.9,56,67,78,77,76.78,87
138.5,100,2,100,73,78,84,2,95
535,78,0.2,79,53,89,66,191.8,7
242,71,11.9,72,73,89,75,5,6
121,98,22.3,99,73,100,84,3,9
169,83,21.9,84,83,89,91,37,6
38,71,1.9,71,67,89,77,0.88,38
130.52,16,3.5,17,42,100,69,16.52,88
311.57,63,6.1,63,73,78,84,35.5,26
98,85,1.3,95,73,78,80,1.5,92
276.5,94,9.3,98,83,89,91,3,9
144.88,57,7.7,58,67,78,82,13.19,61
106,95,5.5,99,73,100,84,28,1
185,71,13.6,72,67,89,72,5.5,3
242.67,99,9.6,100,73,100,80,45,5
420.33,100,3.3,100,73,100,80,131.66,8
609.4,91,1.1,91,73,100,84,26,35
257.8,85,1,95,58,100,75,5.8,31
53,83,14.5,84,73,100,84,2,7
97.4,51,3.3,52,42,78,62,2,9
118.64,80,1.7,81,53,67,76,6.43,11
266,97,10.3,99,73,100,84,51,93
183.57,99,13,100,73,78,80,7.57,95
163,90,3.3,97,67,78,72,25,1
785,83,10.8,84,83,78,91,46,3
170,91,28.6,97,80,100,87,1,3
361,50,6.5,51,67,100,77,181.6,9
192.47,26,3,27,53,78,66,35.74,12
285.3,69,1.6,69,73,67,84,2.2,63
307.2,93,12.7,98,73,100,84,11,41
400.57,16,4.3,16,67,89,72,94.86,87
429.5,100,4.2,100,73,100,80,37.75,59
243,89,7,90,67,100,77,49.11,10
1134.1,62,1.9,63,73,89,80,1.32,92
448.67,65,1.1,66,73,100,80,127.34,64
213,91,9.4,97,73,100,80,3.67,11
2967,90,5.1,97,73,78,84,41,32
192.25,89,11,89,78,78,89,1,65
392.5,91,6.3,97,73,78,84,89.75,1
108.8,90,18.1,97,73,78,80,0.8,92
90,97,29.1,99,73,100,84,25,12
214,88,3.7,96,73,100,84,23,88
111.2,93,16.9,98,67,78,77,0.4,96
347.67,47,2.1,48,78,89,91,8.34,32
473,91,12.4,97,73,78,84,184,4
4232,98,4.7,98,73,100,84,14,6
472.6,92,9.9,97,58,100,75,10,34
284.57,43,3.3,44,73,89,75,11.86,3
227.17,90,3.7,97,73,89,62,1.34,92
1328.5,56,3.8,56,83,89,91,3.75,10
329.5,91,16.3,97,73,100,80,128.5,5
256.43,90,7.1,97,67,100,82,20.52,41
165,83,9.7,84,73,89,75,23,2
1521.6,84,2.3,84,73,78,84,57.14,2
183,93,11.4,98,73,89,62,58,95
323,92,24.2,97,80,100,65,16,42
582.85,56,4.4,58,67,89,77,113.66,3
139.5,95,3.2,98,73,78,80,27.5,35
183,94,27.6,98,80,100,87,15,2
258.5,72,9.2,72,73,89,75,14.5,9
269,95,0.9,98,67,100,82,48,5
491.8,90,9.8,96,73,100,84,12,37
373,94,20.3,98,80,100,87,20,4
418.6,99,4.7,100,73,89,62,1.4,6
229.4,98,13.9,100,73,100,84,10.4,39
437.8,90,7.3,97,60,89,69,256.07,4
322,95,21.8,98,73,100,80,132,12
127.2,94,20.3,98,73,78,84,15.8,3
297.17,86,2.4,86,53,89,66,93.52,9
219.8,98,1.3,100,73,78,84,5.8,35
81.5,89,15,96,73,100,84,1,37
233,94,14.5,98,58,100,75,11.4,34
158.67,93,11.7,98,73,100,84,0.67,61
234.8,95,1.3,98,67,100,82,33.8,10
214.67,63,12.5,63,73,78,84,25.67,12
132,89,5,96,73,78,84,4,3
1456.7,90,4.1,96,73,78,62,19,93
411.4,93,10.8,98,58,100,75,9.4,34
117.5,89,3.2,96,73,78,84,0.5,89
113,83,22.3,84,83,89,91,4,9
125.45,59,8.6,60,73,78,84,58.45,93
996,84,3,84,60,78,69,120,38
198,96,14.7,99,67,78,72,50,10
504.6,100,1.9,100,73,100,84,3,40
350.71,63,6.1,64,73,89,80,16.21,88
602,99,6.6,100,73,100,84,10.33,11
1734.3,97,2.5,98,67,89,58,14.65,91
100.33,87,18.6,95,73,100,80,0.66,93
277.25,97,7.6,99,73,100,80,90.75,2
1072.8,78,3.8,78,80,89,87,42.5,10
396.6,87,1.3,95,73,100,84,3.4,38
137.25,92,2.7,97,73,100,84,17.75,12
221.4,91,2.6,97,73,100,80,43.2,5
486.5,99,5.5,100,80,89,65,60,62
148.5,98,11.4,99,73,89,62,1,5
115,87,24.5,95,67,89,82,1,11
1301.3,98,3.5,98,83,89,91,154.5,4
386.5,93,11.3,98,73,89,62,69.5,91
51.67,98,0.8,100,73,78,84,0.67,38
222,97,14.7,99,73,100,84,8.6,41
112.75,78,6,78,73,78,84,1.75,7
540.67,75,7.3,76,83,50,91,123,65
485.67,93,7.8,98,67,78,77,1.11,97
391.6,92,10.8,97,73,100,84,12.6,35
2629.3,88,0.8,89,78,89,89,817,3
253.2,88,2.7,96,73,100,80,45.8,3
156,83,20.5,84,67,89,72,28,66
60.47,78,9.2,79,67,100,77,4.47,11
181.57,99,3.5,100,67,78,84,40,8
57.32,54,10.4,54,67,89,82,1.76,40
386,87,20.5,96,73,89,62,13,1
180,92,27.8,97,80,100,87,18,3
297.8,91,0.9,97,73,100,84,6.4,40
137.22,96,1.6,99,73,100,84,75,36
514.33,47,3,47,73,78,75,123.5,9
84.86,87,1.9,95,73,100,80,19.86,41
384.5,57,5.7,59,67,89,77,24.41,95
124.33,96,7.7,99,80,89,65,43,97
190,83,33.2,84,80,89,83,1,7
247.4,92,0.9,97,67,100,82,42.6,11
188.56,91,11.5,97,73,78,80,21.12,94
184,96,12.3,99,73,100,80,5.5,11
112,85,32.4,95,73,78,84,1,2
215.5,78,6.9,79,73,89,84,79,95
228.3,7,4.8,8,67,89,72,9.07,9
845.18,11,2.7,11,67,89,82,655.66,86
236.3,90,4.5,90,53,89,66,56.97,5
285.57,85,3.1,86,53,89,66,71.61,3
134,83,12,84,83,78,93,32,4
220,95,22,98,80,100,87,21,6
125,94,24.1,98,73,89,62,2,33
153.44,87,1.7,96,73,100,80,0.77,41
345,95,2.9,98,73,100,84,48.6,3
119.2,90,3.6,91,73,78,84,29,57
96,83,21.8,84,67,89,72,4,4
247.4,98,2.6,100,73,100,84,43.2,8
280.5,52,0.8,52,67,89,72,163.5,82
839.5,56,3.1,57,73,89,75,78.5,40
333,99,23.2,100,73,100,80,19,1
80.5,88,1.1,96,73,78,62,29.5,7
1471.9,61,2.1,62,73,67,80,725.67,96
235.17,56,1.5,58,73,89,75,33.17,12
209,94,14.8,98,73,100,80,24.5,33
225.75,78,6.5,79,67,89,82,67.5,95
98.09,87,17.2,96,67,100,82,21.54,28
419.6,92,10.8,97,73,100,84,9.6,38
249.5,91,7.9,97,60,100,79,84,65
138.25,98,14.5,100,73,100,84,19.92,39
257,91,8.2,91,60,100,74,117.5,11
3111.7,99,2.1,100,67,100,77,4.34,87
155.75,90,13.8,97,73,78,84,15.25,89
314.25,67,5.8,67,73,67,84,39.75,31
1177.5,98,2.5,98,80,89,83,1083,3
122.27,53,6.5,53,67,89,72,81.27,9
203,89,0.8,96,73,100,84,6,42
500,97,10.1,99,73,78,84,1,33
133.62,70,4.9,70,73,89,84,2.37,5
216.27,52,5.4,52,67,67,77,88.1,2
158.1,61,8.6,62,73,89,84,10.7,89
203,87,3.6,96,73,78,84,21,38
133,92,0.8,92,80,78,78,18.25,91
129.2,86,3.5,95,67,100,82,1.4,90
91,83,25.8,84,78,89,89,3,64
1375,63,4.5,64,67,78,82,6.67,12
140,96,2,99,60,100,74,42.67,8
194,72,14.1,72,83,89,91,6.5,11
391.59,97,5.4,99,83,78,93,16.18,36
187.2,96,2,99,60,100,74,51.8,87
221.53,26,4.7,26,67,100,77,170.53,10
248.32,89,7.3,90,67,100,77,50.11,5
263,83,13.2,84,67,100,82,104,7
292.14,85,1.2,85,73,100,80,63.71,89
150.33,90,1.7,96,60,100,74,49.66,6
946,63,4.2,63,73,89,75,100.33,35
529.33,66,1.1,66,73,100,80,73.66,56
248.6,89,1.4,96,67,100,82,45.4,7
226,97,14.6,99,73,100,84,11.2,34
2342.8,75,0.8,76,73,78,84,37.83,3
266.87,85,4,85,53,89,66,54,9
2187.5,97,0.9,99,80,78,87,23.25,36
131.67,88,6.9,96,73,78,84,9,8
113.09,53,8.4,53,60,89,74,7.18,60
179.29,44,1.9,45,67,89,72,5.58,7
324,88,0.9,96,73,100,84,7,35
846,87,6.8,96,73,78,84,20.2,94
133.75,89,3.4,96,60,100,74,33.75,34
184.5,97,4.2,99,60,100,74,71.5,21
516.67,63,7.2,63,83,89,91,10.67,33
132.67,97,6.9,99,73,78,84,8.34,5
230.6,97,14.2,99,73,100,84,9.6,37
156,72,9.4,72,73,89,84,27,65
128.5,97,17,99,73,78,62,16.5,92
236.2,98,1.1,100,73,100,84,7.2,41
119,83,10.7,84,73,89,80,1,2
322,89,23.2,96,73,100,80,22,7
256,91,14.9,97,80,89,65,69,39
289.5,70,7.5,70,73,78,80,110.25,36
137,86,8.6,86,73,78,84,2,8
102.2,90,3.3,97,73,100,80,2.2,41
265.19,98,9.7,100,67,100,77,14.25,57
518.8,97,9.7,99,58,100,75,8.8,40
254.6,96,2.4,99,73,100,84,37.6,9
428,74,1.4,75,73,78,84,11.83,97
230.2,89,14.6,96,73,100,84,11.2,33
336,88,12,96,73,100,84,11.6,41
628,90,20.2,97,73,100,84,17,5
208.6,89,0.8,96,67,100,82,42,11
312.43,88,9.6,96,72,78,89,16.36,11
397.5,74,2.4,74,60,89,79,0.33,2
185,83,33.7,84,80,78,83,1,10
206.4,60,6.7,61,78,89,89,7.6,1
64.64,32,9.2,32,67,89,77,30,3
146.43,98,1.9,99,83,78,91,1.5,6
333.4,97,12.1,99,73,100,84,11.2,39
464.17,22,3.5,23,60,78,83,124.39,6
582,72,8.3,72,67,78,72,153.5,2
576.71,28,1.2,29,67,89,72,1.18,5
61.42,80,8.6,81,67,100,77,4.95,9
118.33,96,7,99,73,78,84,8.66,6
78,100,10,100,80,78,65,1,12
2326.3,64,1.9,64,73,78,80,7.93,7
126,99,2.4,100,73,78,84,2,94
782,100,16,100,80,100,87,2,11
171,67,8,67,73,78,84,7.25,32
303,91,12.3,97,78,89,89,5,5
271.25,78,6.7,79,73,67,84,148,1
65,83,24.3,84,78,89,89,4,4
401.62,61,5,62,73,78,80,108,91
469,98,13.1,100,67,78,77,0.67,93
155.83,92,1.1,92,73,100,80,5.66,60
198.8,99,1.1,100,73,100,84,8,37
1196,83,5.5,84,78,89,89,585,9
169,83,18.9,84,80,78,87,4,11
274,99,22.6,100,73,100,84,15,8
248.6,91,2.7,97,73,100,84,44.4,10
634.4,92,2.8,97,80,100,87,41.2,34
92.59,91,17.4,97,72,78,86,1.35,1
117,91,1.8,97,73,78,84,43,4
197.07,26,5.2,26,53,100,66,27.27,29
267.8,99,4,100,73,100,84,41.2,1
139.2,40,5.5,40,60,78,54,18.38,4
131,19,4.8,20,67,89,72,3,91
159.62,34,0.9,35,78,89,89,3,6
253,86,7.2,86,73,78,80,108.5,8
249,85,24.9,95,83,89,91,1,3
2808.3,87,2.3,95,73,78,80,0.5,5
106,86,17.6,95,73,78,62,18.91,2
140,86,8.3,86,73,78,84,2,34
1817,71,2.7,71,73,78,75,68.5,92
443.4,95,1.6,98,67,100,82,40.8,6
241.8,94,13.6,98,73,100,84,7.8,41
355,85,2,95,50,100,72,145,4
267,94,1.8,98,58,100,75,7.4,31
305.7,86,5.5,86,53,89,66,91.18,4
246.43,85,9.7,95,53,89,66,39.73,8
261,100,12.8,100,73,100,84,8.6,37
230.48,82,8.3,83,53,89,66,57.44,10
220.6,93,2.4,98,73,100,84,6,35
1422,90,3.6,90,73,78,84,19,11
356.96,85,2.2,85,53,89,66,133.7,7
277.6,93,2.3,98,50,100,72,44.4,2
246.53,88,6.8,89,53,89,66,63.45,12
147,94,27,98,89,78,93,3,9
227.2,86,2.4,95,73,100,84,6.8,39
375.78,83,1.3,84,53,89,66,126.87,7
1510.3,82,3.2,83,73,78,84,19.66,2
329.13,85,0.4,85,53,89,66,139.74,8
1347.9,88,2.6,88,73,78,84,28.55,2
277.35,86,6.3,86,53,89,66,79.26,11
258.2,91,13.6,97,58,100,75,6.8,40
251.8,93,2.1,98,50,100,72,33,5
223.6,92,14.6,97,73,100,84,8.8,33
144.29,76,3,76,60,89,69,9.72,1
287.04,84,1.6,85,53,89,66,99.04,1
300.61,85,4.8,86,53,89,66,105.78,10
221,99,14.8,100,73,100,84,8,39
268.2,91,1.8,97,67,100,82,38,2
275.8,100,1.9,100,67,100,82,45.8,10
266.8,92,2,97,58,100,75,8,42
163,83,20.4,84,73,78,84,5,10
276.6,93,2.3,98,73,100,84,5.8,42
250,92,13.8,97,73,100,84,9.4,36
299,85,3.5,86,53,89,66,104.96,12
271,93,3.9,98,73,100,84,44.6,4
383.25,94,6.1,98,73,89,75,46.75,6
280.39,86,6.4,86,53,89,66,88.78,8
262,85,1.7,95,73,100,84,7.2,32
232.2,87,2.2,95,73,100,84,7.8,38
132.18,13,9,14,33,78,59,6.57,96
244.2,85,2.2,95,67,100,82,30.4,12
249.2,92,1.6,97,67,100,82,40,3
275.87,85,6.5,86,53,89,66,74.44,10
218.2,93,2.4,98,73,78,84,6.8,40
194.8,92,1.8,97,73,100,84,5.2,41
263.8,94,2.3,98,50,100,72,40.6,3
265,93,2.6,98,67,100,82,41.4,4
262.8,85,2.7,95,67,100,82,41,2
277.96,85,3.8,86,53,89,66,84.39,10
303.74,85,4.5,86,53,89,66,110.44,1
225,100,1.9,100,58,100,75,5.8,35
324.8,86,12.4,95,73,100,84,9.6,41
347.2,85,1.9,95,58,100,75,8.8,32
342.43,85,5.4,86,53,89,66,147.47,10
402,92,10.7,97,58,100,75,10,34
234.2,94,2.6,98,73,100,84,5.6,38
359.61,85,1.1,86,53,89,66,110.48,10
283,71,6.5,71,53,89,66,66.35,6
713.2,99,7.9,100,58,100,75,15.8,39
259.4,85,1.9,95,67,100,82,33.8,6
260.6,94,1.8,98,67,100,82,45.8,12
277,86,4.4,95,73,100,84,44.6,2
330.2,85,2.1,95,67,100,82,46.8,3
271.4,92,4.2,97,73,100,84,41.6,5
300.8,86,2.2,95,73,100,84,6.4,33
393.35,86,1.2,86,53,89,66,123.13,7
287.26,86,5.1,86,53,89,66,96.56,2
401.2,92,3.2,97,73,100,84,51.2,10
404,93,1.5,98,67,100,82,42.4,9
243.6,85,1.9,95,73,100,84,7,41
489.8,94,3.4,98,73,100,80,6.6,38
270.2,86,4.3,95,73,100,84,44.8,6
265,85,13.6,95,67,100,82,42.6,4
447.4,86,9.4,95,73,100,84,12.6,39
406,86,3,95,73,100,84,47,11
334.43,84,1.4,84,53,89,66,114.43,11
302.3,85,3.4,85,53,89,66,115.43,7
463.6,94,2.1,98,73,100,84,23.2,32
251.4,93,2.1,98,67,100,82,40.6,3
347,95,1.2,98,67,100,82,43.4,11
294.04,85,5.2,86,53,89,66,92.56,8
283.17,84,2.6,85,53,89,66,101.56,5
437.8,95,10.4,98,73,100,84,12.6,33
325.6,86,12,95,73,100,84,10.6,37
232.2,85,1.8,95,73,78,84,5.8,34
242,87,2.8,95,73,100,84,6.2,39
273.2,86,1.8,95,58,100,75,8.2,40
260.6,93,2.1,98,67,100,82,39,9
251.4,87,1.5,95,58,100,75,7.4,34
255.4,94,2.3,98,67,100,82,40,10
3288,18,1.3,19,67,89,72,2.96,7
267.43,86,5.7,87,53,89,66,77.39,1
328,94,12.3,98,73,100,84,10.6,33
386,96,2,99,67,100,82,45.4,12
1075.2,90,3.4,90,73,100,84,142.6,1
257.2,87,1.7,95,58,100,75,8.4,33
293.09,86,5.1,87,53,89,66,90.87,4
270.4,87,2.4,96,67,100,82,52.6,2
308,85,2.8,85,53,89,66,93.74,12
2324.3,93,1.6,93,60,78,74,1591.1,10
164,100,7.3,100,73,100,84,48.25,11
434.67,69,0.6,69,73,100,80,1.67,87
579.58,98,1.2,98,60,100,72,106.15,2
335.3,85,2.4,86,53,89,66,100.3,11
315.72,92,6.5,97,72,78,86,10.4,10
231.6,96,14,99,73,100,84,10.6,42
2262.3,63,2.9,63,73,89,75,5.66,58
237.8,97,1.2,99,73,100,84,10.4,35
359.13,85,1.1,86,53,89,66,116.56,8
64.28,80,9.1,81,67,100,77,5.78,11
236,83,17.2,84,89,78,93,7,8
490.23,88,5.8,96,60,78,79,1.08,90
159.5,98,2.8,100,73,78,80,16.5,37
161,100,12.5,100,73,100,80,5,8
365.5,61,2.1,62,73,67,84,101.6,94
105.43,87,1.2,95,73,100,80,5.57,11
1275.3,56,3,57,67,89,72,88.75,9
239.6,92,12.2,97,73,100,75,16,4
232.83,46,4.9,47,78,89,89,11,12
789,84,2.5,84,67,78,72,608,58
248,95,23.8,98,73,89,62,1,35
235.25,94,8.1,98,73,78,80,93.5,7
268.11,96,8.3,99,67,78,58,0.72,31
183.28,57,7.3,59,67,89,77,35.5,2
141.25,59,0.8,59,53,89,66,34.25,6
125.88,69,10.5,70,73,78,80,66.88,89
859,92,16.2,97,73,100,84,2,3
217.05,91,7.3,91,67,100,77,28,3
478.5,99,8.4,100,42,89,62,7,33
155,72,15,72,89,78,95,3,2
1336.8,47,3,48,67,89,72,41.5,34
223.5,86,15.7,95,73,100,84,37.5,6
66,83,25.1,84,73,78,80,3,3
432,86,8.8,95,80,100,86,1.29,5
853.6,88,6.1,96,60,78,74,55.2,12
349.22,36,6.8,37,73,78,83,4.11,3
215.2,56,1,57,60,78,79,9.2,11
344.82,59,5.4,60,67,89,77,17.64,94
217.2,90,0.8,97,58,100,75,9.6,32
133.67,92,6.9,97,73,78,84,7.67,10
2150,83,7.4,84,73,89,84,7,1
201.4,87,0.7,95,73,100,84,8,33
219.2,94,1.1,98,73,100,84,8.4,40
68.88,17,4.3,18,60,78,79,5.76,5
69.71,89,3.5,96,80,100,83,0.42,11
3273.8,84,1.6,85,73,78,88,11.13,8
149.46,93,10.7,98,67,100,77,6.43,11
176.25,89,7.1,90,80,89,83,39.5,10
69.33,95,19.4,99,67,78,77,25.22,93
61.42,79,8.9,80,67,100,77,5.37,8
100.14,92,3.2,97,80,100,87,7.71,10
227,83,23.9,84,50,89,66,111,6
88,83,28.2,84,89,89,93,3,10
365.5,79,2.5,79,73,78,84,18.25,90
133.04,17,3.5,17,42,100,69,20,92
180.59,95,11.8,98,67,78,82,35.71,64
193.33,94,4.3,98,83,89,91,123.22,11
111,96,5.4,99,58,89,80,2.75,8
115,97,6.9,99,73,78,84,8,10
451,64,2.3,64,60,100,79,287.33,31
116,98,16.7,100,67,78,77,1.33,92
257.67,88,8.9,88,67,78,72,16.67,9
150.91,86,13.5,95,67,78,77,4.18,9
1674,55,0.8,56,67,78,85,1005.4,9
283,87,21.1,95,60,78,69,30,11
181.7,34,3.5,34,73,78,84,41.7,57
62.75,56,7.8,56,83,89,91,2.25,10
438.78,89,8.4,96,67,78,77,0.67,95
349.58,66,2.3,66,80,89,83,36.58,7
256.96,85,4.5,86,53,89,66,81,9
118,92,27.4,97,58,100,80,3,9
237.5,72,12.7,72,78,89,89,4,96
241.2,99,0.9,100,58,100,75,7.8,40
352,83,11.6,84,73,89,62,156,86
327,72,4.4,72,67,89,72,14,34
512.25,92,6.8,93,80,78,83,46.37,92
486,94,3.1,98,73,78,84,1,87
238.4,95,1.3,98,73,100,84,9.2,36
2911.3,17,1.4,18,67,89,72,17.04,94
261.2,90,1.5,97,50,100,72,51.6,9
370.25,67,5.4,68,73,67,84,19.75,3
146,63,10.5,63,73,78,75,5.67,5
296.57,85,2.7,85,53,89,66,95.09,10
154.5,100,12.2,100,73,100,80,5,7
69,83,23.4,84,78,89,89,2,6
221,87,25.9,95,73,100,84,1,8
102.5,96,3.2,99,80,78,87,42.5,95
438,98,10,100,73,78,84,61,1
135,83,20.6,84,67,89,72,21,9
70.75,56,8.3,56,83,89,91,7.5,11
299.2,100,1.4,100,67,100,82,41.8,7
112.33,86,1.7,95,73,78,62,1,3
153,96,6.3,99,73,78,84,99,5
251.5,86,12.7,86,67,89,72,77,2
122,39,1.1,39,33,78,71,7.85,4
157.5,46,5.6,47,73,89,84,12.33,6
164.8,90,5.1,91,73,78,84,30.4,8
1418.2,80,3.5,81,73,78,84,43,4
251.8,100,2.5,100,73,100,84,46,7
423.17,86,6.2,95,60,78,74,141.95,96
665.5,85,2.1,95,73,100,80,29.38,87
313.6,92,11.7,97,58,100,75,9,39
84,91,30.9,97,73,89,62,21,8
231.4,99,1.5,100,73,100,84,6.8,41
105.56,92,14.6,97,73,78,80,0.67,95
136,56,5.3,57,50,89,66,7,2
144.83,91,4,92,67,78,66,6.5,4
120,85,34.4,95,83,89,91,1,12
665.67,63,7.7,63,89,100,93,9.34,58
793.17,48,1.7,48,67,89,72,2.34,5
101.33,63,4,64,73,100,80,2.66,7
269.5,86,11.8,95,73,89,62,62.5,32
210.6,88,0.7,96,73,100,84,6.6,40
199.2,87,8.6,95,67,78,77,23.75,86
166,89,7,90,80,89,83,43.75,9
112,83,26.1,84,83,89,91,8,58
141.5,93,15.9,98,50,78,66,11.38,90
146.33,100,6.9,100,73,78,84,8,12
220.75,56,6.3,57,58,78,80,57.25,16
282.43,85,12.4,95,73,78,84,10.43,96
146.8,93,1.1,98,73,78,80,1,89
234.4,98,2.7,100,67,100,82,26.6,4
134,97,29.9,99,73,78,84,10,6
171,83,20.1,84,83,89,91,3,57
143.25,79,1.8,79,73,78,84,78,6
78,100,35.3,100,67,78,72,1,63
202.17,46,4.9,47,73,78,75,3,21
960.29,32,3.1,33,60,78,79,865.29,2
321.71,86,4.5,95,73,78,84,76.42,63
1212.2,90,4.5,90,60,78,69,70.8,5
214,67,8.5,68,73,78,84,116.6,37
280.17,85,3.9,86,53,89,66,97.74,9
484.5,79,7.6,79,73,100,84,186,9
529,95,3.1,99,73,78,62,15,11
687,94,15.6,98,73,100,84,200,38
221.11,43,0.7,43,73,89,75,2.55,10
223.6,95,14.6,99,73,100,84,9.4,31
82,72,13.8,72,67,89,72,4.5,4
174.5,99,2.5,100,80,78,87,1,96
341,100,23.6,100,73,100,80,20,3
222.4,94,1.7,98,73,100,84,5.6,41
1939.8,35,1.1,36,67,78,82,1839.4,9
255,86,19.5,87,83,89,91,11,2
206,98,2.1,100,67,89,82,10.25,59
230.4,100,14.5,100,58,100,75,11.4,42
236.6,94,2.3,98,73,100,84,4.6,36
314.5,96,14.1,99,73,100,84,30,9
300.5,72,11.8,72,83,89,91,7.5,34
192.67,63,10.5,63,42,100,69,4.67,6
252.33,100,10.8,100,50,100,62,6.44,5
131.38,99,15.4,100,60,89,69,12.19,7
145,85,6.8,95,73,78,84,9,9
399.75,56,5,57,67,89,72,85.75,36
603.54,31,1.7,32,78,78,91,130.85,8
803,83,1.2,84,83,89,91,445,57
223.2,89,2.2,96,73,100,84,6.2,38
121.2,55,1,55,50,78,66,5,93
151,89,1.9,96,60,100,74,45.33,10
192,91,5.1,97,60,100,79,62.5,7
102,90,2.5,97,67,100,82,1,39
500.75,56,4.7,57,73,89,75,84.75,11
196,83,32.8,84,83,89,91,3,57
229.4,99,13.7,100,73,100,84,8.6,40
141,92,1.4,97,73,78,84,1,86
244.17,99,3.7,100,80,100,83,1,7
943.5,77,4.4,77,73,67,84,88,9
130.67,100,6.9,100,73,78,84,10,12
1400,78,4.3,79,73,78,84,22.25,12
121.15,88,6.4,89,67,100,77,8.2,7
1840,90,8.7,97,73,78,80,26,39
143.65,19,4.1,19,60,78,79,9.69,6
272.3,35,2.7,35,73,67,84,2.8,8
141.5,93,17.6,98,67,100,83,12,10
260.69,78,4.7,78,67,78,84,27.46,5
243,88,13.8,96,73,100,84,10.2,36
379,63,5.6,63,73,78,88,18.67,7
208.6,88,1.2,96,73,100,84,8.6,36
308.5,56,6.2,56,83,89,91,7.25,31
254.4,98,1.3,99,67,100,82,35.6,3
1516.7,91,2.7,91,73,78,84,48.17,3
397,88,1.4,89,60,100,74,169.67,35
148.33,92,2,97,73,78,80,1.66,93
387,83,22.6,84,83,89,91,1,4
100,94,21.8,98,73,100,87,2,64
214.75,57,1.3,58,67,89,72,147.25,84
508.94,96,6.7,99,67,100,77,14.63,66
490,98,12,100,73,89,62,140,36
114,97,15.7,99,73,89,62,50.5,93
857,83,6.4,84,73,100,87,3,8
765,99,16.5,100,73,100,80,6,90
241,100,24.6,100,83,89,91,8,7
307.6,94,0.9,98,67,100,82,42.4,10
198,96,22.4,99,73,100,84,2,94
366,88,8.3,88,73,100,84,52,11
105.6,100,19.2,100,73,78,84,0.6,95
368.5,85,3.7,95,67,78,82,19,9
136.86,87,1.8,96,67,100,82,1.15,96
353.17,66,2.3,66,80,89,83,42.84,2
481.33,88,0.8,96,67,78,82,1,96
86.75,94,23,98,73,78,80,18.75,93
84.71,18,4.8,19,72,89,86,2.92,65
162,100,12.4,100,73,100,80,5,7
86.5,57,1.5,58,67,78,72,1.25,12
246.4,87,0.8,95,73,100,84,5.6,37
2967.8,56,2.4,58,83,89,91,4.25,3
104.6,89,19.1,96,73,78,84,1,89
251.38,70,1.9,71,67,89,82,0.88,61
102.5,89,3.1,96,80,78,87,47.5,88
491,91,4.2,97,73,100,80,23.5,66
70.62,18,4.3,18,60,78,79,3.97,2
48.15,60,5.2,60,60,89,69,2.03,31
368,61,1,62,53,89,66,202.82,63
134.75,96,7.5,99,80,89,83,2.5,8
181.36,98,12.6,99,73,100,84,17.63,90
219,97,21.9,99,80,100,87,23,5
379.5,88,14.8,96,73,100,80,137.5,7
234.6,50,10,51,83,89,91,3.4,64
152.07,95,12.8,99,53,100,66,33.14,32
190.17,73,2.6,74,73,89,80,19.67,61
564,83,13.7,84,89,100,93,122,8
287.07,94,8.3,98,67,89,58,11.36,5
276,99,14.5,100,80,89,65,70,37
492.13,88,6.8,96,60,78,74,1.33,95
179.5,98,8,100,80,100,87,0.5,12
1442.9,87,2.9,95,73,78,84,46.72,5
151.85,12,6.5,12,53,78,66,3.85,41
128.8,98,11.6,97,73,100,84,4.39,2
160.67,73,7.5,74,73,89,84,6,4
232,85,12.8,95,78,78,91,5,12
261.62,21,1.5,21,53,78,66,14.12,3
199,94,10.1,98,73,78,84,39,5
76.88,92,17.4,97,60,89,54,26.47,96
231.8,87,1.1,95,73,100,84,9.2,36
423,63,5.4,63,73,89,62,16.67,41
351,83,17,84,83,89,91,13,63
133,83,14.3,84,73,78,84,18,65
95,83,24.1,84,73,78,80,3,12
135.25,78,3.4,79,73,78,84,1.5,3
1042.2,82,3.1,83,73,78,84,56,3
133.67,96,8.7,99,73,78,80,0.67,11
224.2,95,14.3,98,73,100,84,10.4,40
1859.6,96,2.6,99,60,78,79,16.07,94
234,87,1.1,95,67,100,82,14,7
380.83,91,6.6,91,73,78,80,163.5,9
357.57,28,1,30,67,89,72,233,96
471.5,56,3.2,57,73,89,62,5.75,32
678.5,86,1.7,87,67,78,82,2.5,10
204,86,7.1,86,73,67,88,3,1
174.67,85,11.1,95,58,89,80,1,3
177,100,6.9,100,73,78,84,7.33,5
201.5,99,1,100,73,78,84,46,32
414,86,10.5,86,73,89,84,74.5,4
227.4,89,1.1,96,73,100,84,7.6,32
975.9,59,2.7,60,67,89,77,372.67,66
627,83,12.8,84,78,89,89,541,64
231.2,95,1.2,98,73,100,84,10.2,34
163.25,87,1.7,95,73,100,80,0.25,42
320.8,69,1.5,70,73,67,84,31.5,58
234.12,70,2.9,71,73,67,80,61.5,92
203.5,86,16.2,95,58,100,69,0.5,59
164,94,13.6,98,73,78,80,22.29,91
108,83,26.2,84,83,89,91,7,63
181.5,71,1.5,72,67,89,72,9,60
585.4,51,2,52,73,78,84,398.4,11
141.33,94,6.9,98,73,78,84,7.33,10
194.17,73,6.5,74,73,89,84,13.5,7
130.5,86,7.9,86,73,78,84,2,40
173,100,18.3,100,73,100,80,27,8
315,91,12.7,97,73,100,84,10.6,34
119,72,10.6,72,80,89,83,15,67
112.77,91,14.9,97,60,100,74,22.08,39
142.5,92,1.4,97,73,78,84,1.5,88
211,83,13.7,84,67,89,72,28,38
256.6,99,0.8,100,67,100,82,40.6,9
1664.6,42,1,43,83,89,91,1337,1
2697.1,89,1.4,96,67,78,82,26.28,3
174.5,72,13.3,72,83,89,91,3.5,96
177,88,18.5,96,73,78,80,11,94
234,87,15.4,96,73,100,80,2,61
191.33,95,1.5,98,73,78,84,0.66,9
264,94,0.4,98,73,100,80,13,11
103.4,85,18.8,95,73,78,80,0.4,87
205.12,100,12.3,100,67,78,77,0.62,28
420.67,63,9.2,63,80,100,87,91.34,42
107.4,85,19,95,73,78,80,0.8,92
127.33,100,6.9,100,73,78,84,8.66,9
325.3,86,1.4,87,53,89,66,91.52,2
361.33,63,7.6,63,83,89,91,11.66,39
546.33,98,1.5,100,73,78,62,14.66,87
340.2,97,1.2,99,67,100,82,39.6,10
97.73,97,13.3,99,60,67,74,4.46,32
226.58,90,7.2,91,67,100,77,37.37,9
164,86,3.4,95,73,78,84,54.5,96
177.5,94,14.6,98,67,89,58,25.8,32
322.65,95,7.6,99,60,78,74,0.75,93
227.8,100,14.6,100,73,100,84,11.6,40
446,98,6.7,98,60,78,74,22.87,90
134.83,99,2.4,100,58,67,75,25.16,7
111.5,72,21.3,72,73,100,84,1,4
604.33,63,6.8,63,67,78,72,6.66,7
1733.1,97,2.8,99,73,89,62,11.36,8
134.33,97,6.9,99,73,78,84,8.66,10
166.43,65,2,66,80,89,87,10.93,60
278,97,9.6,99,73,100,84,54,7
168,83,21.6,84,78,89,89,5,9
137.33,61,8.7,61,73,67,80,27.61,80
243.07,89,4.6,89,53,89,66,59.53,4
424.83,46,3.7,46,73,89,84,20.83,8
324.5,95,3.9,99,73,78,75,68,2
122.73,94,12.5,94,73,78,62,62.55,4
125.33,94,7.9,98,73,78,84,10.33,12
111.67,85,7.4,95,73,78,84,9,3
133,100,7.7,100,60,89,69,48.25,5
114.25,92,8.2,97,80,89,83,2.5,7
329.7,85,1.8,86,53,89,66,84.48,6
133.5,90,5.4,97,73,100,80,20,59
124,92,7.6,97,73,78,84,9.33,6
2252,83,1.3,84,73,89,75,981,38
271.6,97,11.8,99,67,100,72,23.2,7
287.36,89,9.7,96,73,100,80,6.27,9
122,98,5.7,100,73,78,84,2,5
151.5,90,12.6,96,67,100,82,1,90
300.2,89,2.4,96,73,100,84,49.4,8
112.5,86,15.5,86,73,89,84,65,7
64.4,95,4.1,99,73,100,80,9,39
300.96,85,3.2,85,53,89,66,85.26,8
200.6,56,9,56,67,89,77,28.9,36
298.2,85,12.5,95,73,100,84,8,38
525.5,94,3.4,94,67,67,84,5.6,95
142.17,46,5.8,47,73,89,84,5.5,60
128.75,70,6.6,70,73,89,84,5.37,7
165,92,25.6,97,89,78,93,1,11
233.5,68,3.2,68,73,89,75,4,61
3567,93,5.6,98,80,100,87,39,8
200.2,92,1,97,73,78,84,8.2,32
223.4,100,13.7,100,73,100,84,9.2,33
64,93,9.9,98,80,78,65,2,11
64.75,57,1.4,59,67,100,77,2.25,32
251,86,2.6,87,73,78,80,143,40
107,91,36.9,97,83,89,91,3,12
292.7,85,1.9,86,53,89,66,85.83,4
222,92,1.6,97,58,100,75,9,33
406.25,91,1.7,97,73,78,84,205.75,24
563.5,90,4.3,97,72,78,89,50.33,11
878.5,67,4,68,73,78,87,5.75,10
837,72,6.8,72,67,89,72,135.5,1
1512.3,78,3.8,79,73,78,84,20,4
190.33,75,7.6,76,67,78,72,18,11
150.25,78,10.7,78,73,89,84,3.75,3
157.2,90,17.3,97,73,78,62,48.8,90
114.83,89,18.5,96,73,100,80,31.66,66
568.6,54,1.3,54,67,89,72,404.6,81
110,83,21.6,84,67,89,72,5,4
494.8,97,9.6,99,73,100,84,10.2,38
202.04,97,9.9,99,60,89,74,6.92,40
252.59,57,4.8,58,67,78,82,50.59,90
439.4,88,9.4,96,73,100,84,10,33
280.7,85,4.2,86,53,89,66,64.96,6
46,72,15.4,72,73,78,84,3,4
296,74,2.2,75,73,89,80,18,6
311,83,15.2,84,60,89,69,7,9
289.75,39,2.7,39,78,78,91,28.5,8
266.4,95,1,99,73,100,84,8.4,34
220.2,87,1,95,73,100,84,7.2,40
1479,96,7.5,99,73,78,84,2,40
396.4,88,1.6,96,73,100,84,34.2,9
546.4,91,1.1,91,73,100,84,25.6,34
413,83,17.8,84,78,89,89,10,6
168.17,93,14.2,98,73,78,62,18.5,92
517,83,14.5,84,83,89,91,375,12
96,83,21,84,73,100,80,3,3
252,93,0.7,98,67,100,82,39.6,2
253.83,13,7,13,67,89,84,5.92,64
141,100,9.5,100,73,78,84,9,6
503,16,5,16,67,89,72,43.71,93
287,90,8.1,97,60,78,69,16.94,10
207.69,89,12.6,96,53,100,71,27.61,88
770.6,98,1,98,60,100,72,254.5,11
309.2,96,12.6,99,73,100,84,10.6,39
140.64,94,13.1,94,73,78,62,54.28,2
225.87,25,6.1,26,67,89,72,22,31
146,93,5.9,98,67,78,72,24,3
116,87,2.8,95,60,100,74,30,5
149.75,78,9.4,78,80,89,87,4.5,89
109.5,94,8.2,98,73,100,84,14.75,87
176.33,92,6.5,97,83,89,91,119.83,7
184.67,88,1.9,89,73,78,75,7.67,57
49.5,85,1.8,95,67,78,72,1.5,34
1084.5,85,7.3,95,58,100,57,6.5,5
461.5,39,5.1,40,80,89,83,331.88,62
222.6,85,15.6,95,73,100,84,6,34
84,91,12.5,97,67,78,82,2,8
74.5,92,8.4,97,73,78,80,23.5,88
259,56,4.1,57,67,78,72,12.75,11
182.25,67,9.7,67,67,67,85,46.5,7
269.38,99,9,100,67,100,72,39.88,65
101.84,14,10.6,15,60,89,69,3.29,90
200,78,9.6,78,73,89,80,81.5,37
330.2,99,2.4,100,73,100,84,38.2,9
790.2,91,3.1,97,78,78,89,1.8,9
194.6,90,1.9,97,58,100,75,5.4,41
86.4,89,24.7,96,73,78,84,8.4,6
105.67,91,3.5,97,60,100,74,23,3
513.5,27,3.8,28,33,89,59,30,29
131,97,2.3,99,60,100,74,27.5,77
113.5,96,1.3,99,60,100,79,24,10
89,83,13.2,84,73,67,80,1,36
98,87,13.7,95,67,78,77,1,39
211,43,3.1,44,53,89,66,7.71,59
321.4,88,2.8,96,73,100,84,38.4,7
124.38,87,15.8,95,73,78,84,0.88,91
112.81,24,12.6,25,67,100,77,4,65
202.4,85,0.8,95,73,100,84,7.4,31
303.1,34,10.4,34,73,100,80,2.4,92
175.75,78,10.8,78,73,89,80,79.75,24
1818.6,62,2.4,63,73,78,84,37.35,11
83.12,90,21.9,97,73,100,80,10.87,6
83,92,24.8,97,73,78,84,10.6,9
111.2,91,17.6,97,50,78,77,14.4,35
894.5,56,3,57,83,89,91,715.25,85
70.23,17,8.3,18,60,78,79,5.58,10
783,63,4.6,64,73,89,75,76.33,38
132.86,28,3.8,28,78,50,89,4.36,62
196.33,87,9.5,95,53,100,71,38.12,86
128.06,62,3.3,62,73,89,84,10.56,4
1845.5,72,5,72,83,89,91,3.5,1
58.21,62,13.3,63,67,100,77,4.68,1
2555,83,0.3,84,73,78,88,2035,64
200.8,93,2.4,98,73,100,84,7.4,41
56.17,97,11.3,97,83,78,91,7.17,3
93.93,80,2.1,80,67,78,82,3.72,60
106.75,86,1.3,95,80,78,87,1.25,96
316.5,72,15.9,72,80,89,87,5.5,8
